Blockchain,Date,Marketplace,Sales,Buyers,NFTs,Collections,Volume,PriceAverage,PriceMedian,PriceMax,PriceFloor
Algorand,2022-12-15,AB2 Gallery,5,3,5,4,21.96215667,4.392431333,3.320890625,13.2835625,0.929849375
Algorand,2022-12-15,ALGOxNFT,386,123,334,53,2602.021154,6.740987445,4.427854167,309.9491275,0.022139271
Algorand,2022-12-15,Atomic Swaps,7,7,9,0,480.9761016,53.44178907,26.567125,332.0890625,0.000442785
Algorand,2022-12-15,Nfdomains,7,7,7,0,311.2781479,44.46830685,24.90667969,182.0955026,0.221392708
Algorand,2022-12-15,Rand Gallery,466,163,461,97,19657.71982,42.1839481,9.077101042,3763.676042,0.221392708
Algorand,2022-12-15,Shufl,3,3,3,3,247.0742625,82.3580875,92.9849375,147.4475438,6.64178125
Arbitrum,2022-12-15,NFTX,5,2,36,2,162.7189096,4.397808368,2.733485928,7.744876795,0.726324609
Arbitrum,2022-12-15,Others,44,36,66,14,92118.43895,1297.442802,3.928036963,38269.83189,0.115366668
Arbitrum,2022-12-15,Seaport,1713,1575,1904,57,46141.28343,21.85754781,0.634516676,786.4930334,0.012818519
Arbitrum,2022-12-15,tofuNFT,229,185,229,27,2992.626117,12.73457922,3.332814862,628.1074163,0.004486482
Avalanche,2022-12-15,Element,64,64,17,3,5935.782105,92.74659538,95.88235417,178.1750833,0.13589625
Avalanche,2022-12-15,FarmLand,2,2,2,1,437.585925,218.7929625,218.7929625,241.2913417,196.2945833
Avalanche,2022-12-15,Nifty Protocol,17,8,17,8,332.3418246,19.5495191,8.304770833,105.6970833,3.019916667
Avalanche,2022-12-15,Others,374,159,582,72,281671.3385,452.1209286,29.29319167,3605.718592,0.149485875
Avalanche,2022-12-15,Roostr,10,5,10,1,3505.972254,350.5972254,332.1908333,528.4854167,297.4617917
Avalanche,2022-12-15,Seaport,27,26,49,16,5835.684186,116.7136837,0.754979167,5177.649478,0.150995833
Avalanche,2022-12-15,chikn,6,4,6,1,10133.33038,1688.888396,1547.707292,2141.120917,1434.460417
BSC,2022-12-15,Element,24,17,50,5,57132.03125,1120.235907,1053.125,1842.96875,263.28125
BSC,2022-12-15,MarketNG,20,10,20,8,9741.40625,487.0703125,263.28125,1316.40625,263.28125
BSC,2022-12-15,Nifty Protocol,13,7,13,1,3422.65625,263.28125,263.28125,263.28125,263.28125
BSC,2022-12-15,Others,91,68,86,23,43967.96875,457.9996745,263.28125,2106.25,263.28125
BSC,2022-12-15,Seaport,13,11,14,6,5528.90625,394.921875,263.28125,789.84375,263.28125
Gnosis,2022-12-15,Others,50,21,49,2,135.0097425,2.700194849,1.899013182,49.9740311,0.099948062
Polygon,2022-12-15,BitKeep,325,249,287,35,10879.31489,24.6138346,19.61522108,82.02728817,0.891600958
Polygon,2022-12-15,Element,11,7,65,1,68.65327379,1.056204212,0.891600958,3.566403833,0.891600958
Polygon,2022-12-15,NFTKEY,9,3,9,4,42.796846,4.755205111,1.783201917,16.94041821,0.891600958
Polygon,2022-12-15,Others,2429,951,2159,51,35990.36428,14.68395116,11.59081246,1891.085633,0.891600958
Polygon,2022-12-15,PlayDapp,107,38,770,4,2550.870342,3.312818626,3.566403833,6.241206708,0.891600958
Polygon,2022-12-15,Seaport,1929,881,7942,134,72692.22613,8.849796218,3.566403833,797.9828577,0.891600958
Polygon,2022-12-15,tofuNFT,229,98,2004,20,10475.41966,5.222043699,6.241206708,356.6403833,0.891600958
Algorand,2022-12-14,AB2 Gallery,2,1,2,2,10.06665188,5.033325938,5.033325938,6.71110125,3.355550625
Algorand,2022-12-14,ALGOxNFT,362,131,313,56,3191.404585,8.816034765,4.476304534,77.17788808,0.022370338
Algorand,2022-12-14,Atomic Swaps,2,2,2,1,536.9104703,268.4552352,268.4552352,536.8881,0.022370338
Algorand,2022-12-14,Nfdomains,12,10,12,0,425.4838193,35.45698494,22.3703375,124.7146316,0.223703375
Algorand,2022-12-14,Rand Gallery,370,153,367,79,12443.67741,33.63156056,11.6325755,1342.22025,0.223703375
Algorand,2022-12-14,Shufl,3,2,3,1,14.76442275,4.92147425,3.355550625,8.724431625,2.6844405
Arbitrum,2022-12-14,NFTX,3,2,19,2,154.2686232,8.119401219,10.41967506,10.41967506,4.150266069
Arbitrum,2022-12-14,Others,77,57,94,24,195275.1941,2013.146331,5.031011644,83231.05097,0.040281273
Arbitrum,2022-12-14,Seaport,1212,1088,2407,66,24717.88128,10.01534898,2.647926512,962.5212873,0.026479265
Arbitrum,2022-12-14,tofuNFT,216,177,212,29,5263.738693,24.14559033,2.58172835,767.8986886,0.013239633
Avalanche,2022-12-14,Element,69,68,18,4,5762.25281,83.51091028,83.63895833,182.485,0.13686375
Avalanche,2022-12-14,FarmLand,3,3,3,1,1246.980833,415.6602778,334.5558333,684.31875,228.10625
Avalanche,2022-12-14,Nifty Protocol,31,12,31,10,1259.296594,40.62247077,15.0550125,402.9877083,2.2810625
Avalanche,2022-12-14,Others,228,117,391,59,133750.9268,321.516651,53.98514583,2284.742614,0.015207083
Avalanche,2022-12-14,Seaport,26,20,29,16,832.0464403,28.69125656,0.4562125,228.10625,0.030414167
Avalanche,2022-12-14,chikn,3,3,3,1,4683.781667,1561.260556,1505.50125,1794.435833,1383.844583
BSC,2022-12-14,Element,23,15,39,3,35934.195,855.5760714,816.68625,1633.3725,272.22875
BSC,2022-12-14,MarketNG,12,10,12,6,7077.9475,589.8289583,816.68625,816.68625,272.22875
BSC,2022-12-14,Nifty Protocol,9,5,9,4,2722.2875,302.4763889,272.22875,544.4575,272.22875
BSC,2022-12-14,Others,79,48,105,28,60979.24,534.905614,272.22875,3266.745,272.22875
BSC,2022-12-14,Seaport,7,6,10,3,2994.51625,299.451625,272.22875,544.4575,272.22875
Ethereum,2022-12-14,Blur,5521,2876,5349,275,28430942.76,2664.068849,304.425,89381.78,0.13
Ethereum,2022-12-14,Larva Labs,5,5,5,1,484199.61,96839.922,93153.89,116453.72,85742.8
Ethereum,2022-12-14,LooksRare,381,241,397,89,3952023.55,9043.532151,1217.9,1259586,0.13
Ethereum,2022-12-14,NFTX,24,22,76,12,6162,81.07894737,6.155,1871.89,4.9
Ethereum,2022-12-14,OpenSea,28194,15766,11731,969,9793347.66,248.4486189,54.72,112547.65,0.01
Ethereum,2022-12-14,Rarible,42,36,39,13,7202.90836,171.4978181,66.963,1730.90164,1.34E-11
Ethereum,2022-12-14,Sudoswap,251,207,448,56,301077.79,598.5641948,94.02,8776.77,1.32
Ethereum,2022-12-14,X2Y2,1496,1082,1577,57,4817458.63,2452.881176,47.765,278058.9,0.13
Flow,2022-12-14,AeraPack,25,21,25,1,348.0001234,13.92000494,1.00588E-05,29,8.77531E-06
Flow,2022-12-14,FindMarketSale,33,17,33,3,218.3709138,6.617300417,5,28.52214851,2
Flow,2022-12-14,FlovatarMarketplace,37,15,37,2,3150.508988,85.14889156,3.802953135,1853.939653,0.617979884
Flow,2022-12-14,MotoGPNFTStorefront,2,1,2,1,5.1474637,2.57373185,2.57373185,3.870273459,1.277190241
Flow,2022-12-14,NFTStorefront,8268,2171,7939,27,121981.2598,14.75341797,6,1899,0.2
Flow,2022-12-14,NFTStorefrontV2,1910,95,167,6,28716.55168,15.03484381,10,690,1
Flow,2022-12-14,OffersV2,1970,546,1965,1,35466,18.00304569,1,3000,1
Flow,2022-12-14,OlympicPinMarket,5,2,5,1,10,2,2,2,2
Flow,2022-12-14,TopShotMarketV3,3606,796,3578,1,35438,9.827509706,2,850,1
Flow,2022-12-14,ZeedzMarketplace,8,5,8,1,1136.048871,142.0061089,5.690168628,1001.127413,2.633545046
Gnosis,2022-12-14,Others,29,6,28,3,460.1166761,15.86609228,13.99723697,59.98815844,0.099980264
NEAR,2022-12-14,LandToEmpire,2,1,2,1,0.392541723,0.196270861,0.196270861,0.204804377,0.187737346
NEAR,2022-12-14,Mintbase,3,2,3,2,5.205444583,1.735148194,1.689636111,2.150445959,1.365362514
NEAR,2022-12-14,Paras,195,93,164,23,2211.598703,11.34153181,1.706703142,221.8714085,0.019251611
NEAR,2022-12-14,TradePort,12,3,12,2,73.18343073,6.098619227,5.103042394,17.04996439,5.103042394
Optimism,2022-12-14,quixotic,4731,4129,2949,112,69542.75088,14.00941799,13.29,535.7846,0.02
Polygon,2022-12-14,BitKeep,376,285,1117,25,37832.63221,29.67265272,1.841362417,140.8642249,0.920681208
Polygon,2022-12-14,Element,4,4,14,2,51.55814767,3.682724833,3.682724833,5.52408725,1.841362417
Polygon,2022-12-14,NFTKEY,4,2,4,2,11.0481745,2.762043625,1.841362417,6.444768458,0.920681208
Polygon,2022-12-14,Others,2255,784,2014,50,25971.49621,11.35117841,11.96885571,1022.876822,0.920681208
Polygon,2022-12-14,PlayDapp,120,51,934,6,3552.908783,3.80397086,4.603406042,73.65449667,0.920681208
Polygon,2022-12-14,Seaport,1873,750,6838,101,47320.25206,6.712092491,3.682724833,1022.876822,0.920681208
Polygon,2022-12-14,tofuNFT,268,96,2194,21,11800.37105,5.3467925,5.52408725,138.1021813,0.920681208
Solana,2022-12-14,CoralCube,91,57,91,18,2153.869278,23.66889316,7.098429316,325.2302289,0.170225681
Solana,2022-12-14,Exchange.Art,25,22,25,0,5365.964411,214.6385765,38.03442404,3831.579394,2.827838218
Solana,2022-12-14,Hadeswap,2255,734,1994,68,144068.7643,63.49438708,23.89523295,842.7286975,0.636263599
Solana,2022-12-14,Hyperspace,176,91,171,14,7808.368281,44.36572887,33.93405862,1074.578523,0.141391911
Solana,2022-12-14,Magic Eden,27998,6272,21284,952,2001399.765,71.483669,14.13919109,11099.26501,1.41E-07
Solana,2022-12-14,OpenSea,23,18,23,13,299.0990344,13.00430585,7.069595546,70.69595546,0.282783822
Solana,2022-12-14,Solanart,23,18,23,11,992.6235297,43.15754477,29.69230129,193.6503612,1.413919109
Solana,2022-12-14,Yawww,9,5,8,3,79.82987291,8.869985879,0.395897351,42.41757328,0.282783822
Algorand,2022-12-13,AB2 Gallery,10,2,10,5,9.811080533,0.981108053,1.007387733,1.313984,0.437994667
Algorand,2022-12-13,ALGOxNFT,510,153,473,69,4767.859408,9.348743937,4.357280443,437.7758883,0.007157928
Algorand,2022-12-13,Atomic Swaps,7,7,7,2,93.29330221,13.3276146,17.51978667,27.37466667,2.19E-07
Algorand,2022-12-13,Nfdomains,17,16,15,0,677.5777493,39.85751467,36.68205333,154.39312,0.218997333
Algorand,2022-12-13,Rand Gallery,361,153,356,77,27350.39432,75.76286514,10.94986667,5474.933333,0.218997333
Algorand,2022-12-13,Shufl,2,2,2,0,243.08704,121.54352,121.54352,194.469632,48.617408
Arbitrum,2022-12-13,Others,75,60,73,19,21855.33218,287.5701602,5.500847254,6931.698039,0.2588634
Arbitrum,2022-12-13,Seaport,1032,890,1270,62,33133.60864,24.57982836,9.506758373,582.4426505,0.01294317
Arbitrum,2022-12-13,tofuNFT,204,161,198,27,892.6727035,4.375846586,0.10807547,71.05800336,0.080247654
Avalanche,2022-12-13,Element,83,82,18,4,5487.209156,66.11095368,65.31629167,159.8164583,0.126463458
Avalanche,2022-12-13,FarmLand,5,5,5,1,1095.090167,219.0180333,194.5591667,347.4270833,173.7135417
Avalanche,2022-12-13,Nifty Protocol,45,14,45,7,2206.644208,49.03653796,13.48017083,1236.840417,2.362504167
Avalanche,2022-12-13,Others,303,161,561,76,118604.4921,192.227702,51.41920833,1389.708333,0.001389708
Avalanche,2022-12-13,Roostr,16,8,16,1,5628.31875,351.7699219,347.4270833,486.3979167,270.993125
Avalanche,2022-12-13,Seaport,15,14,18,11,1645.96916,91.44273113,62.536875,227.9121667,1.249347792
Avalanche,2022-12-13,chikn,5,5,5,1,9798.986326,1959.797265,1570.370417,3474.270833,1334.12
BSC,2022-12-13,Element,32,25,36,5,32889.21167,747.4820833,815.435,1630.87,271.8116667
BSC,2022-12-13,MarketNG,21,15,68,10,20929.49833,307.7867402,271.8116667,815.435,271.8116667
BSC,2022-12-13,Nifty Protocol,14,12,14,4,4620.798333,330.0570238,271.8116667,815.435,271.8116667
BSC,2022-12-13,Others,75,58,80,26,95134.08333,980.7637457,271.8116667,6795.291667,271.8116667
BSC,2022-12-13,Seaport,18,14,23,5,13862.395,602.7128261,543.6233333,1630.87,271.8116667
Ethereum,2022-12-13,Blur,4812,2911,4944,270,20907394.34,2409.518767,343.06,142075.08,0.13
Ethereum,2022-12-13,Larva Labs,8,6,7,1,892952.67,111619.0838,98079.375,217245.6,82600.93
Ethereum,2022-12-13,LooksRare,244,173,236,62,6220906.28,22870.97897,133.5,1075165.2,0.13
Ethereum,2022-12-13,NFTX,42,33,109,11,12456.62,113.242,12.23,1162.05,3.62
Ethereum,2022-12-13,OpenSea,27135,15010,12299,941,9709603.43,240.8613671,47.045,103039.56,0.01
Ethereum,2022-12-13,Rarible,30,23,27,11,6407.100161,213.5700054,31.79351225,2110.9,0.000128139
Ethereum,2022-12-13,Sudoswap,239,191,400,48,169906.22,388.8014188,61.6,13526.87,1.36
Ethereum,2022-12-13,X2Y2,1645,1183,1848,50,5664374.17,2477.853968,46.435,798390,0.14
Flow,2022-12-13,AeraPack,15,15,15,1,232.0000655,15.46667103,29,29,8.89812E-06
Flow,2022-12-13,ChainmonstersMarketplace,1,1,1,1,0.3003002,0.3003002,0.3003002,0.3003002,0.3003002
Flow,2022-12-13,FindMarketSale,48,27,47,2,390.2379047,8.129956347,6,42.23790466,2
Flow,2022-12-13,FlovatarMarketplace,49,14,49,2,1714.014171,34.97988104,16.61357583,196.1716016,0.469310052
Flow,2022-12-13,MotoGPNFTStorefront,1,1,1,1,12.95001753,12.95001753,12.95001753,12.95001753,12.95001753
Flow,2022-12-13,NFTStorefront,7980,2118,7745,30,130776.9219,16.38808545,6,1399,0.281586031
Flow,2022-12-13,NFTStorefrontV2,2137,101,231,7,30900.70341,14.45985185,10,800,3
Flow,2022-12-13,OffersV2,2034,561,2029,1,29593,14.54916421,1,1111,1
Flow,2022-12-13,OlympicPinMarket,25,11,25,1,43,1.72,1,4,1
Flow,2022-12-13,StarlyCardMarket,1,1,1,1,1.001000667,1.001000667,1.001000667,1.001000667,1.001000667
Flow,2022-12-13,TopShotMarketV3,5195,1212,5099,1,75783,14.58768046,2,1999,1
Flow,2022-12-13,ZeedzMarketplace,4,3,4,1,615.8626797,153.9656699,7.462029823,600,0.938620104
Gnosis,2022-12-13,Others,30,13,27,2,827.9914361,27.59971454,15.49633045,288.7316279,0.099976325
NEAR,2022-12-13,LandToEmpire,3,1,3,1,5.36730147,1.78910049,1.238608031,2.972659276,1.156034163
NEAR,2022-12-13,Mintbase,3,2,3,3,3.402043393,1.134014464,1.58541828,1.651477375,0.165147738
NEAR,2022-12-13,Paras,211,80,206,25,2026.688939,9.60516085,2.495844728,165.1477375,0.018628665
NEAR,2022-12-13,TradePort,4,3,4,4,106.3221134,26.58052836,8.653741446,82.40872103,6.605909501
Optimism,2022-12-13,quixotic,3966,3271,2585,113,55554.30182,13.13961727,12.84,292.31,0.13
Polygon,2022-12-13,BitKeep,383,263,3478,26,74018.73877,20.31249692,8.193250875,141.1059873,0.910361208
Polygon,2022-12-13,Element,2,2,7,2,77.38070271,11.0543861,13.65541813,13.65541813,4.551806042
Polygon,2022-12-13,NFTKEY,4,1,4,1,18.20722417,4.551806042,2.731083625,10.01397329,2.731083625
Polygon,2022-12-13,Others,2012,570,1868,46,23204.19684,11.24779294,11.83469571,2298.662051,0.910361208
Polygon,2022-12-13,PlayDapp,225,61,1232,6,3852.648634,3.11955355,2.731083625,44.60769921,0.910361208
Polygon,2022-12-13,Seaport,1611,739,6133,128,48770.78101,7.779674751,3.641444833,455.1806042,0.910361208
Polygon,2022-12-13,tofuNFT,249,101,2273,21,12191.5573,5.361282894,6.372528458,44.60769921,0.910361208
Solana,2022-12-13,CoralCube,73,53,73,23,1296.095641,17.75473481,2.979903437,228.1778039,0.161574528
Solana,2022-12-13,Exchange.Art,27,23,27,0,9656.668492,357.6543886,123.3354413,2545.353623,2.684122771
Solana,2022-12-13,Hadeswap,934,401,843,77,102953.7722,108.6010255,49.99887186,2029.185528,1.050974981
Solana,2022-12-13,Hyperspace,230,117,227,20,27497.34211,119.5536613,46.97214849,2268.083741,0.094414018
Solana,2022-12-13,Magic Eden,33269,7101,25980,1003,1691155.623,50.83277596,13.42061385,13416.45346,0.012078552
Solana,2022-12-13,OpenSea,33,17,33,11,1514.194179,45.88467208,5.234039403,684.4513065,0.442880257
Solana,2022-12-13,Solanart,42,21,42,13,2227.793716,53.04270753,8.924708212,536.8245541,0.013420614
Solana,2022-12-13,Yawww,1,1,1,0,53.68245541,53.68245541,53.68245541,53.68245541,53.68245541
Algorand,2022-12-12,ALGOxNFT,444,184,456,72,3462.52604,7.462340603,4.356543016,544.0782286,0.000762014
Algorand,2022-12-12,Atomic Swaps,30,11,30,0,131.2930563,4.376435211,0.000435437,28.30337792,0.000217718
Algorand,2022-12-12,Nfdomains,9,7,9,0,275.9579347,30.66199274,24.49330781,109.4034416,0.217718292
Algorand,2022-12-12,Rand Gallery,455,160,433,80,14756.81017,32.43254983,8.708731667,762.0140208,0.217718292
Algorand,2022-12-12,Shufl,5,4,5,2,40.71332054,8.142664108,4.354365833,16.32887188,2.6126195
Arbitrum,2022-12-12,NFTX,1,1,10,1,88.18250919,8.818250919,8.818250919,8.818250919,8.818250919
Arbitrum,2022-12-12,Others,51,42,54,21,131960.6779,2443.716258,1.349295807,97666.14672,1.25392E-06
Arbitrum,2022-12-12,Seaport,1180,1067,1404,70,33547.7805,23.29706979,8.150459664,1730.405283,0.000125392
Arbitrum,2022-12-12,tofuNFT,274,211,272,26,5738.54512,20.94359533,8.7774181,1379.308559,0.077742846
Avalanche,2022-12-12,Element,71,71,17,3,5241.667054,73.82629654,73.14541667,155.60025,0.465470833
Avalanche,2022-12-12,FarmLand,2,2,2,1,2433.7475,1216.87375,1216.87375,1662.395833,771.3516667
Avalanche,2022-12-12,Nifty Protocol,47,14,47,9,1043.439318,22.20083654,7.314541667,212.7866667,0.664958333
Avalanche,2022-12-12,Others,408,170,497,87,35924.86696,68.29822617,9.974375,3723.766667,0.006649583
Avalanche,2022-12-12,Roostr,9,7,9,1,3252.577192,361.3974657,329.6863417,731.4541667,279.2825
Avalanche,2022-12-12,Seaport,24,21,28,14,7304.494146,260.8747909,22.60858333,1163.677083,0.106393333
Avalanche,2022-12-12,chikn,2,2,2,1,2619.935833,1309.967917,1309.967917,1316.6175,1303.318333
BSC,2022-12-12,Element,30,23,125,7,84765.13375,662.2276074,559.5058333,1678.5175,279.7529167
BSC,2022-12-12,MarketNG,19,16,19,11,10071.105,530.0581579,279.7529167,1398.764583,279.7529167
BSC,2022-12-12,Nifty Protocol,3,3,3,2,839.25875,279.7529167,279.7529167,279.7529167,279.7529167
BSC,2022-12-12,Others,74,57,82,22,50355.525,599.4705357,279.7529167,3357.035,279.7529167
BSC,2022-12-12,Seaport,11,9,12,5,8392.5875,699.3822917,559.5058333,1958.270417,279.7529167
Ethereum,2022-12-12,Blur,3948,2436,4840,288,14544912.2,1870.968896,199.22,92859.78,0.13
Ethereum,2022-12-12,Larva Labs,4,3,4,1,331542.71,82885.6775,81954.845,87629.24,80003.78
Ethereum,2022-12-12,LooksRare,288,214,328,70,5117370.56,14963.07181,560.64,1014363.2,0.13
Ethereum,2022-12-12,NFTX,25,23,73,13,12010.65,162.3060811,20.3,3000.17,2.26
Ethereum,2022-12-12,OpenSea,24717,13932,11140,915,8709355.33,236.8796837,37.63,125921,0.01
Ethereum,2022-12-12,Rarible,51,31,47,7,6827.82919,133.8790037,24.0517865,1646.55452,1.25E-14
Ethereum,2022-12-12,Sudoswap,293,227,394,47,285431.39,659.1948961,109.72,14516.59,0.13
Ethereum,2022-12-12,X2Y2,1517,1026,1796,48,5322150.04,2307.95752,26.69,984160.54,0.26
Flow,2022-12-12,AeraPack,83,67,83,1,2146.000084,25.8554227,29,29,8.776E-06
Flow,2022-12-12,ChainmonstersMarketplace,11,3,11,1,13.5935902,1.235780927,1.851851389,1.911911434,0.230230173
Flow,2022-12-12,FindMarketSale,24,10,24,3,320.5843506,13.35768128,12.5,34,0.940621518
Flow,2022-12-12,FlovatarMarketplace,22,5,22,2,778.6935238,35.39516017,13.59198094,136.8604309,1.881243036
Flow,2022-12-12,MotoGPNFTStorefront,2,1,2,1,21.62248856,10.81124428,10.81124428,15.72544623,5.897042335
Flow,2022-12-12,NFTStorefront,4815,1230,4672,30,71403.1376,14.82931207,5,2000,0.25
Flow,2022-12-12,NFTStorefrontV2,2336,175,419,5,44679,19.12628425,10,1900,1
Flow,2022-12-12,OffersV2,2413,642,2407,1,60607,25.11686697,1,5150,1
Flow,2022-12-12,OlympicPinMarket,44,14,44,1,167,3.795454545,1,11,1
Flow,2022-12-12,StarlyCardMarket,21,1,21,1,35.49555405,1.690264478,1.014190142,6.085324311,1.014085131
Flow,2022-12-12,TheFabricantMarketplace,1,1,1,1,18.81243036,18.81243036,18.81243036,18.81243036,18.81243036
Flow,2022-12-12,TopShotMarketV3,6886,1769,6826,1,58812,8.540807435,2,3600,1
Flow,2022-12-12,ZeedzMarketplace,3,1,3,1,317.4503561,105.8167854,94.06215181,216.3429492,7.045255171
Gnosis,2022-12-12,Others,6,4,6,1,54.57326273,9.095543788,1.199851874,49.99382808,0.099987656
NEAR,2022-12-12,Mintbase,3,2,3,3,1.870067492,0.623355831,0.161212715,1.547642062,0.161212715
NEAR,2022-12-12,Paras,168,78,150,23,1720.151532,10.23899722,3.081226375,225.6978007,0.018184794
NEAR,2022-12-12,TradePort,2,2,2,2,82.21848454,41.10924227,41.10924227,75.76997595,6.448508592
Optimism,2022-12-12,quixotic,4108,3167,2901,110,52147.46132,11.90037912,12.47,400.27,0.12
Polygon,2022-12-12,BitKeep,322,282,662,22,52215.625,62.53368263,80.92826029,130.7302666,0.889321542
Polygon,2022-12-12,NFTKEY,3,2,3,2,19.56507392,6.521691306,1.778643083,16.89710929,0.889321542
Polygon,2022-12-12,Others,1979,587,1834,35,19751.83144,9.836569442,11.56118004,799.500066,0.889321542
Polygon,2022-12-12,PlayDapp,460,138,2209,7,6908.249736,3.123078542,2.667964625,286.3615364,0.889321542
Polygon,2022-12-12,Seaport,1171,521,4667,104,33807.55841,7.136913322,2.667964625,569.1657867,0.889321542
Polygon,2022-12-12,tofuNFT,191,91,2366,19,12808.89816,5.413735488,7.114572333,151.1846621,0.889321542
Solana,2022-12-12,CoralCube,62,48,62,18,2052.233172,33.10053503,1.838362605,1106.686287,0.132262664
Solana,2022-12-12,Exchange.Art,18,17,18,0,3439.339386,191.0744103,71.40588167,1449.328606,1.317451691
Solana,2022-12-12,Hadeswap,877,402,788,77,133516.4527,151.0367112,58.39144957,2073.063328,1.172042124
Solana,2022-12-12,Hyperspace,101,36,101,13,8681.850331,85.95891417,0.235823853,1119.833938,0.092682726
Solana,2022-12-12,Magic Eden,28413,6631,23379,934,1923079.709,67.68309255,11.19833938,10236.59964,1.32E-07
Solana,2022-12-12,OpenSea,36,16,36,22,286.3838281,7.955106335,1.383324276,118.5706522,0.520393418
Solana,2022-12-12,Solanart,54,21,51,15,3336.852183,61.79355895,13.10864433,777.2964979,1.317451691
Solana,2022-12-12,Yawww,18,7,18,5,198.9352054,11.05195586,7.904710148,43.47590582,0.263490338
Algorand,2022-12-11,AB2 Gallery,7,1,5,1,10.4536807,1.493382957,0.891328263,4.342368458,0.411382275
Algorand,2022-12-11,ALGOxNFT,611,222,617,61,5485.06162,8.477684112,3.65901679,296.8811037,0.00079991
Algorand,2022-12-11,Atomic Swaps,4,4,4,1,49.13778438,12.2844461,1.82847994,45.48059596,0.000228546
Algorand,2022-12-11,Nfdomains,56,12,55,0,1338.592214,23.90343239,0.228545708,383.3854257,0.228545708
Algorand,2022-12-11,Rand Gallery,569,145,501,76,15286.03699,26.86473987,12.5702425,685.637125,0.228545708
Algorand,2022-12-11,Shufl,1,1,1,1,3.428185625,3.428185625,3.428185625,3.428185625,3.428185625
Arbitrum,2022-12-11,Others,62,60,60,11,76456.20542,1176.249314,1.43423171,25434.5648,0.007323153
Arbitrum,2022-12-11,Seaport,738,674,801,52,14592.58356,17.45524349,16.85039918,635.8641199,1.27173E-06
Arbitrum,2022-12-11,tofuNFT,307,239,301,31,3969.791977,12.93091849,0.305214778,540.4845019,0.000254346
Avalanche,2022-12-11,Element,73,73,17,3,4823.118325,66.07011404,52.77675,158.33025,0.135325
Avalanche,2022-12-11,FarmLand,3,3,3,1,2203.091,734.3636667,676.625,1339.7175,186.7485
Avalanche,2022-12-11,Nifty Protocol,57,18,57,11,1612.992805,28.29811939,13.5189675,323.42675,2.7065
Avalanche,2022-12-11,Others,369,194,673,77,273357.9785,360.1554394,43.304,2077.88831,0.135325
Avalanche,2022-12-11,Roostr,11,6,11,1,5199.051175,472.6410159,350.49175,933.7425,338.3125
Avalanche,2022-12-11,Seaport,28,17,28,12,293.9827365,10.49938345,1.217925,54.13,0.135325
Avalanche,2022-12-11,chikn,5,4,5,1,7172.225,1434.445,1488.575,1556.2375,1312.6525
BSC,2022-12-11,Element,32,25,52,5,66001.47958,1047.642533,1163.021667,2616.79875,290.7554167
BSC,2022-12-11,MarketNG,6,5,10,5,3489.065,348.9065,290.7554167,581.5108333,290.7554167
BSC,2022-12-11,Nifty Protocol,16,10,16,2,4652.086667,290.7554167,290.7554167,290.7554167,290.7554167
BSC,2022-12-11,Others,62,46,64,21,50300.68708,773.8567244,290.7554167,3489.065,290.7554167
BSC,2022-12-11,Seaport,26,19,31,5,27621.76458,863.1801432,581.5108333,2035.287917,290.7554167
Ethereum,2022-12-11,Blur,5508,3203,5983,285,23939197.91,2146.435749,280.27,89250.7,0.13
Ethereum,2022-12-11,Larva Labs,2,2,2,1,189609.47,94804.735,94804.735,105858.8,83750.67
Ethereum,2022-12-11,LooksRare,287,216,284,60,3979064.64,13307.90849,227.68,1025279.28,0.13
Ethereum,2022-12-11,NFTX,42,40,88,16,131930.04,1499.205,215.07,85603.95,6.91
Ethereum,2022-12-11,OpenSea,29593,15712,12338,903,8103358.45,189.676477,34.39,98121.98,0.01
Ethereum,2022-12-11,Rarible,45,27,40,6,17226.20346,382.8045213,24.3285063,13034.2075,1.27E-14
Ethereum,2022-12-11,Sudoswap,403,255,657,54,257106.09,368.8753085,37.46,13498.84,0.63
Ethereum,2022-12-11,X2Y2,1608,1096,1859,49,4742768.7,2044.296853,41,994751.59,0.38
Flow,2022-12-11,AeraPack,8,8,8,1,7.86402E-05,9.83003E-06,9.86836E-06,1.03028E-05,9.28065E-06
Flow,2022-12-11,ChainmonstersMarketplace,4,1,4,1,7.007002336,1.751750584,0.75075025,5.005001668,0.500500167
Flow,2022-12-11,FindMarketSale,20,10,20,2,152.2651795,7.613258975,3.066294877,38,2
Flow,2022-12-11,FlovatarMarketplace,29,8,29,2,1072.385528,36.97881132,33.72924365,254.5024748,3.066294877
Flow,2022-12-11,MatrixMarketOpenOffer,2,1,2,1,61.32589754,30.66294877,30.66294877,30.66294877,30.66294877
Flow,2022-12-11,MotoGPNFTStorefront,1,1,1,1,20.06079487,20.06079487,20.06079487,20.06079487,20.06079487
Flow,2022-12-11,NFTStorefront,4928,1182,4753,29,71541.42116,14.51733384,5,1500,0.2
Flow,2022-12-11,NFTStorefrontV2,2089,76,179,5,27377,13.10531355,10,495,4
Flow,2022-12-11,OffersV2,2319,556,2301,1,22324,9.626563174,1,910,1
Flow,2022-12-11,OlympicPinMarket,7,4,7,1,35,5,2,15,1
Flow,2022-12-11,StarlyCardMarket,15,3,15,1,34.23510768,2.282340512,2.006799276,6.02200851,1.001000334
Flow,2022-12-11,TheFabricantMarketplace,8,3,8,2,196.2428721,24.53035902,20.44196585,51.10491462,19.41986755
Flow,2022-12-11,TopShotMarketV3,4046,811,3985,1,27703,6.847009392,2,1100,1
Flow,2022-12-11,ZeedzMarketplace,3,2,3,1,166.6020216,55.53400722,81.76786339,81.76786339,3.066294877
Gnosis,2022-12-11,Others,15,12,15,1,2.499141762,0.166609451,0.09996567,0.359876414,0.09996567
NEAR,2022-12-11,Apollo42,3,1,3,1,25.37956424,8.459854746,8.459854746,8.459854746,8.459854746
NEAR,2022-12-11,LandToEmpire,1,1,1,1,0.203036514,0.203036514,0.203036514,0.203036514,0.203036514
NEAR,2022-12-11,Mintbase,4,2,4,2,5.68502239,1.421255597,1.573532983,1.691970949,0.845985475
NEAR,2022-12-11,Paras,197,70,184,20,1752.121481,8.894017669,1.502470203,167.505124,0.019085432
Optimism,2022-12-11,quixotic,3723,2718,3165,108,53041.93996,12.91500851,12.72,240.53,0.01
Polygon,2022-12-11,BitKeep,175,160,1104,14,92171.17875,77.32481439,98.156934,99.0657945,0.9088605
Polygon,2022-12-11,Element,1,1,6,1,32.718978,5.453163,5.453163,5.453163,5.453163
Polygon,2022-12-11,NFTKEY,18,1,18,2,254.48094,14.13783,12.26961675,97.2480735,0.9088605
Polygon,2022-12-11,Others,2335,849,2045,34,23063.24405,9.847670388,12.724047,102.7012365,0.9088605
Polygon,2022-12-11,PlayDapp,123,33,1199,4,3254.629451,2.714453253,1.817721,20.9037915,0.9088605
Polygon,2022-12-11,Seaport,646,331,4012,99,56422.9687,13.92472081,6.3620235,408.987225,0.9088605
Polygon,2022-12-11,tofuNFT,149,68,1846,15,11654.31819,6.313281794,7.270884,81.797445,0.9088605
Solana,2022-12-11,CoralCube,96,64,96,17,1725.878763,17.97790378,2.755141428,381.8543527,0.109628946
Solana,2022-12-11,Exchange.Art,22,22,22,0,3063.735277,139.2606944,82.97908996,1045.38653,2.727332456
Solana,2022-12-11,Hadeswap,1140,423,977,72,129746.8416,113.1184321,62.04681336,2156.512682,1.365417625
Solana,2022-12-11,Hyperspace,72,45,72,12,6102.775241,84.76076724,4.090998683,1145.479631,0.013704846
Solana,2022-12-11,Magic Eden,27903,5573,20465,928,1723641.974,61.77263999,5.877401442,6818.331139,0.013636662
Solana,2022-12-11,OpenSea,92,21,92,20,781.0410592,8.489576731,1.362984395,160.9126149,0.53864816
Solana,2022-12-11,Solanart,24,17,24,11,441.3219376,18.38841407,14.31849539,95.45663594,1.363666228
Solana,2022-12-11,Yawww,3,3,3,3,29.45519052,9.81839684,8.181997367,16.36399473,4.90919842
Algorand,2022-12-10,ALGOxNFT,326,141,324,83,4019.512658,12.32979343,6.653939971,595.5976864,0.025238648
Algorand,2022-12-10,Atomic Swaps,9,8,9,3,245.0948003,27.23275559,11.4721125,137.66535,0.002294423
Algorand,2022-12-10,Nfdomains,63,14,62,0,1032.031241,16.38144826,0.22944225,376.28529,0.22944225
Algorand,2022-12-10,Rand Gallery,369,122,358,83,12299.46703,33.33188897,8.03047875,688.32675,0.22944225
Algorand,2022-12-10,Shufl,2,2,2,2,49.33008375,24.66504188,24.66504188,45.88845,3.44163375
Arbitrum,2022-12-10,NFTX,1,1,9,1,60.02206461,6.66911829,6.66911829,6.66911829,6.66911829
Arbitrum,2022-12-10,Others,50,42,49,14,52267.90205,1045.358041,10.20579237,24117.43383,0.139458032
Arbitrum,2022-12-10,Seaport,903,827,1025,57,18520.13217,17.24407092,10.09169034,735.3241704,0.074800217
Arbitrum,2022-12-10,tofuNFT,241,178,232,23,2409.548601,9.998126975,0.874782203,470.353909,0.073532417
Avalanche,2022-12-10,Element,69,62,27,3,4607.768842,65.82526917,74.1409375,145.4574583,0.265495167
Avalanche,2022-12-10,FarmLand,6,5,6,1,2505.257583,417.5429306,211.83125,974.42375,204.7702083
Avalanche,2022-12-10,Nifty Protocol,44,14,44,9,1705.998492,38.772693,7.767145833,847.325,2.824416667
Avalanche,2022-12-10,Others,460,279,693,82,210004.3859,275.9584572,33.18689583,1771.191692,0.127855534
Avalanche,2022-12-10,Roostr,5,4,5,1,2262.216529,452.4433058,487.211875,593.1275,306.3079875
Avalanche,2022-12-10,Seaport,27,22,40,10,1459.748915,36.49372287,1.383964167,169.465,0.141220833
Avalanche,2022-12-10,chikn,9,6,9,1,14040.03403,1560.003781,1511.062917,1765.260417,1334.536875
BSC,2022-12-10,Element,41,31,123,7,73817.67,559.2247727,286.115,2861.15,286.115
BSC,2022-12-10,MarketNG,11,9,11,6,5722.3,520.2090909,286.115,1144.46,286.115
BSC,2022-12-10,Nifty Protocol,8,7,8,3,2288.92,286.115,286.115,286.115,286.115
BSC,2022-12-10,Others,51,48,82,22,44347.825,509.7451149,286.115,3433.38,286.115
BSC,2022-12-10,Seaport,25,23,39,5,121026.645,2750.605568,1430.575,6580.645,286.115
Ethereum,2022-12-10,Blur,5143,2631,5884,261,31875720.96,2862.917277,341.8,100855.66,0.13
Ethereum,2022-12-10,Larva Labs,4,4,4,1,364498.36,91124.59,90721.59,101637.24,81417.94
Ethereum,2022-12-10,LooksRare,356,238,389,67,4926445.85,12045.09988,1596.5,970229.76,0.38
Ethereum,2022-12-10,NFTX,61,51,127,21,56066.63,434.6250388,23.31,6735.64,1.91
Ethereum,2022-12-10,OpenSea,26588,14711,11694,898,9041152.12,233.5068602,31.68,107378.58,0.01
Ethereum,2022-12-10,Rarible,32,25,27,7,18471.51651,577.2348909,38.398584,14673.77,1.27E-14
Ethereum,2022-12-10,Sudoswap,310,249,469,56,506181.22,962.321711,72.05,15173.98,1.26
Ethereum,2022-12-10,X2Y2,1747,1108,2389,56,4613242.38,1545.992755,17.575,941341.17,0.25
Flow,2022-12-10,AeraPack,8,8,8,1,7.47184E-05,9.3398E-06,9.34618E-06,9.62693E-06,9.06544E-06
Flow,2022-12-10,ChainmonstersMarketplace,6,3,6,1,25.45,4.241666667,1.95,17.5,0.25
Flow,2022-12-10,FindMarketSale,22,13,22,3,123.705365,5.622971134,2,24,2
Flow,2022-12-10,FlovatarMarketplace,1,1,1,1,51.04414247,51.04414247,51.04414247,51.04414247,51.04414247
Flow,2022-12-10,MatrixMarketOpenOffer,1,1,1,1,1.338377416,1.338377416,1.338377416,1.338377416,1.338377416
Flow,2022-12-10,NFTStorefront,3610,976,3524,27,61129.1686,16.9332877,4,1799,0.01
Flow,2022-12-10,NFTStorefrontV2,2199,134,311,3,37770,17.17598909,10,1650,4
Flow,2022-12-10,OffersV2,2036,555,2030,1,27678,13.59430255,1,3700,1
Flow,2022-12-10,OlympicPinMarket,63,9,63,1,181,2.873015873,2,21,1
Flow,2022-12-10,StarlyCardMarket,1,1,1,1,8,8,8,8,8
Flow,2022-12-10,TopShotMarketV3,4256,916,4223,1,54988,12.92011278,2,1650,1
Flow,2022-12-10,ZeedzMarketplace,3,3,3,1,98.43156195,32.81052065,7,85,6.431561951
Gnosis,2022-12-10,Others,111,14,111,3,300.2154428,2.704643628,0.999918208,29.99754624,0.009999182
NEAR,2022-12-10,Mintbase,1,1,1,1,1.485376878,1.485376878,1.485376878,1.485376878,1.485376878
NEAR,2022-12-10,Others,1,1,1,1,0.034146595,0.034146595,0.034146595,0.034146595,0.034146595
NEAR,2022-12-10,Paras,180,69,169,19,2593.271481,14.40706378,1.726588424,1280.497309,0.01925868
NEAR,2022-12-10,TradePort,1,1,1,1,33.12219705,33.12219705,33.12219705,33.12219705,33.12219705
Optimism,2022-12-10,quixotic,3366,2491,2661,120,47440.17968,12.62378384,12.64,2147.73,0.13
Polygon,2022-12-10,BitKeep,290,249,1722,23,144698.2406,70.61895588,98.151642,99.0604535,0.9088115
Polygon,2022-12-10,Element,1,1,2,1,5.452869,2.7264345,2.7264345,2.7264345,2.7264345
Polygon,2022-12-10,NFTKEY,2,2,2,1,3.635246,1.817623,1.817623,1.817623,1.817623
Polygon,2022-12-10,Others,1528,871,1438,34,17267.4185,10.95648382,5.452869,642.5297305,0.9088115
Polygon,2022-12-10,PlayDapp,69,29,914,5,3757.026741,4.106040154,4.5440575,272.64345,0.9088115
Polygon,2022-12-10,Seaport,551,293,2528,98,21510.65939,8.442174016,3.635246,171.7653735,0.9088115
Polygon,2022-12-10,tofuNFT,210,63,4082,14,25593.94946,6.182113397,7.270492,57.2551245,0.9088115
Solana,2022-12-10,CoralCube,100,66,100,19,2524.276555,25.24276555,5.664171673,192.2465278,0.436776569
Solana,2022-12-10,Exchange.Art,29,24,29,2,2214.332473,76.35629217,36.26254004,440.3308433,3.408133462
Solana,2022-12-10,Hadeswap,2279,625,1947,81,243019.1416,106.0755747,88.61147002,2220.535603,1.365004252
Solana,2022-12-10,Hyperspace,193,111,188,18,17497.80707,90.66221279,98.15424371,1145.132843,0.17722294
Solana,2022-12-10,Magic Eden,27512,5600,19416,897,1897565.856,68.97229777,12.95090716,26269.89273,0.013632534
Solana,2022-12-10,OpenSea,33,23,33,10,1123.688868,34.05117781,8.165887775,99.53112963,0.817952031
Solana,2022-12-10,Solanart,24,19,22,12,1203.616413,50.15068389,32.03645455,190.8554739,4.089760155
Solana,2022-12-10,Yawww,13,10,10,6,1192.437736,91.72597966,13.63253385,961.0936363,0.272650541
Algorand,2022-12-09,ALGOxNFT,360,144,364,70,3852.409149,10.46850312,3.380622235,354.9418972,0.022535979
Algorand,2022-12-09,Atomic Swaps,4,3,12,2,28222.03207,2351.836006,1126.798958,4507.195833,25.01493688
Algorand,2022-12-09,Nfdomains,25,20,25,0,1862.936718,74.51746871,20.28238125,631.0074167,0.225359792
Algorand,2022-12-09,Rand Gallery,393,162,391,80,11957.89365,30.42721032,9.014617026,901.2138069,0.225359792
Algorand,2022-12-09,Shufl,4,2,4,1,15.77518542,3.943796354,3.380396875,5.633994792,3.380396875
Arbitrum,2022-12-09,NFTX,4,4,4,4,28.47945275,7.119863186,2.626951342,22.32771739,0.89783267
Arbitrum,2022-12-09,Others,89,65,83,21,28255.74369,307.1276488,28.0869369,5800.778388,0.000997986
Arbitrum,2022-12-09,Seaport,912,804,1218,51,78986.96163,63.59658746,12.51145371,933.0097435,0.01276679
Arbitrum,2022-12-09,tofuNFT,244,185,242,23,1726.305927,7.075024293,0.25533579,510.67158,0.079154095
Avalanche,2022-12-09,Element,71,71,16,2,5749.453125,80.97821303,73.653125,172.859375,16.534375
Avalanche,2022-12-09,FarmLand,8,7,8,1,1749.6375,218.7046875,198.4125,387.80625,172.859375
Avalanche,2022-12-09,Nifty Protocol,36,13,36,10,1803.174303,50.08817509,8.112365625,233.7359375,2.2546875
Avalanche,2022-12-09,Others,713,425,957,105,93111.84567,84.34043992,15.19884844,5862.1875,0.000150313
Avalanche,2022-12-09,Roostr,9,7,9,1,5771.849688,641.3166319,375.78125,2029.21875,300.4746875
Avalanche,2022-12-09,Seaport,9,9,14,6,3962.2375,283.0169643,150.1621875,811.6875,0.1503125
Avalanche,2022-12-09,chikn,4,2,4,1,5937.34375,1484.335938,1458.03125,1578.28125,1443
BSC,2022-12-09,Element,35,28,161,8,139557.6758,850.961438,565.0108333,2260.043333,282.5054167
BSC,2022-12-09,MarketNG,26,17,26,7,11300.21667,434.6237179,282.5054167,1130.021667,282.5054167
BSC,2022-12-09,Nifty Protocol,5,4,5,3,1695.0325,339.0065,282.5054167,565.0108333,282.5054167
BSC,2022-12-09,Others,134,91,238,32,140687.6975,558.2845139,282.5054167,2542.54875,282.5054167
BSC,2022-12-09,Seaport,7,6,8,5,4520.086667,565.0108333,565.0108333,1130.021667,282.5054167
Ethereum,2022-12-09,Blur,2645,1757,3429,206,5985047.54,1182.815719,227.21,84685.92,0.13
Ethereum,2022-12-09,Larva Labs,1,1,1,1,80443.81,80443.81,80443.81,80443.81,80443.81
Ethereum,2022-12-09,LooksRare,265,194,273,64,4019751.34,13222.86625,444.525,1037528.56,0.13
Ethereum,2022-12-09,NFTX,28,26,81,16,34947.74,431.4535802,409.18,1794.76,3.53
Ethereum,2022-12-09,OpenSea,23186,13472,10413,871,8345179.36,258.5007391,43.06,231396.62,0.01
Ethereum,2022-12-09,Rarible,31,25,25,7,68932.105,2223.61629,89.5767384,64206.205,1.2939817
Ethereum,2022-12-09,Sudoswap,212,180,312,36,200310.93,603.3461747,116.88,14334.52,2.24
Ethereum,2022-12-09,X2Y2,747,554,731,56,4977018.18,5598.445647,101.78,1006636.15,0.13
Flow,2022-12-09,AeraPack,5,5,5,1,4.84151E-05,9.68303E-06,9.7447E-06,1.01045E-05,9.17935E-06
Flow,2022-12-09,ChainmonstersMarketplace,13,3,13,1,35.97597598,2.767382767,1.901901902,17.51751752,0.3003003
Flow,2022-12-09,FindMarketSale,63,23,62,2,576.6422151,9.153051033,6,60,2
Flow,2022-12-09,FindPack,26,19,26,1,184.4092775,7.092664519,7.092664519,7.092664519,7.092664519
Flow,2022-12-09,FlovatarMarketplace,12,8,12,2,245.7248483,20.47707069,15.36743979,51.9100809,3.854708978
Flow,2022-12-09,MatrixMarketOpenOffer,1,1,1,1,15.41883591,15.41883591,15.41883591,15.41883591,15.41883591
Flow,2022-12-09,MotoGPNFTStorefront,1,1,1,1,16.07731051,16.07731051,16.07731051,16.07731051,16.07731051
Flow,2022-12-09,NFTStorefront,4402,1217,4265,30,71705.73415,16.28935351,4,1949,0.01
Flow,2022-12-09,NFTStorefrontV2,2170,107,233,4,32014,14.75299539,10,299,1
Flow,2022-12-09,OffersV2,3503,707,3496,1,54579,15.58064516,1,12000,1
Flow,2022-12-09,OlympicPinMarket,79,15,78,1,458,5.797468354,2,200,1
Flow,2022-12-09,StarlyCardMarket,7,1,7,1,70.00557822,10.00079689,5.999286021,35.00253145,3.999612165
Flow,2022-12-09,TopShotMarketV3,8444,1687,8390,1,69737,8.258763619,2,4199,1
Flow,2022-12-09,ZeedzMarketplace,14,6,14,1,2031.164371,145.0831694,71.95456759,513.961197,6.157255141
Gnosis,2022-12-09,Others,5,4,5,2,50.53818175,10.10763635,2.101587756,45.03402334,0.100075607
NEAR,2022-12-09,LandToEmpire,3,2,3,1,0.375233263,0.125077754,0.119392402,0.221728746,0.034112115
NEAR,2022-12-09,Mintbase,3,3,3,3,6.600694211,2.200231404,1.705605739,3.411211479,1.483876993
NEAR,2022-12-09,Others,1,1,1,1,0.017056057,0.017056057,0.017056057,0.017056057,0.017056057
NEAR,2022-12-09,Paras,160,77,158,24,2000.281947,12.50176217,4.273633965,133.0372477,0.019239233
Optimism,2022-12-09,quixotic,2832,2118,2434,114,43153.91126,13.56614626,12.8,327.44,0.13
Polygon,2022-12-09,BitKeep,261,252,175,24,8175.239887,23.9042102,20.28366725,97.73039675,0.921984875
Polygon,2022-12-09,NFTKEY,4,2,4,2,39.64534963,9.911337406,11.52481094,11.98580338,4.609924375
Polygon,2022-12-09,Others,1612,788,1467,36,31860.10934,19.48630541,8.297863875,3911.05984,0.921984875
Polygon,2022-12-09,PlayDapp,93,31,875,5,3037.018178,3.470877918,3.6879395,38.72336475,0.921984875
Polygon,2022-12-09,Seaport,746,406,4425,97,50795.8347,11.39942431,4.609924375,221.27637,0.921984875
Polygon,2022-12-09,tofuNFT,201,73,2540,22,14314.73717,5.550499096,6.453894125,202.8366725,0.921984875
Solana,2022-12-09,CoralCube,82,63,81,15,4476.966732,54.59715527,19.09753862,274.4101572,0.124010868
Solana,2022-12-09,Exchange.Art,9636,27,9636,0,11384.97606,1.181504365,0.02902744,3096.951666,0.02902744
Solana,2022-12-09,Hadeswap,2975,906,2150,83,424106.7844,142.3654865,102.8933175,2257.200728,0.551547542
Solana,2022-12-09,Hyperspace,336,168,327,19,35773.37902,106.4683899,109.752872,1230.466887,0.123471981
Solana,2022-12-09,Magic Eden,25898,5735,18961,947,2286659.921,88.29484596,12.21000701,10975.2872,0.000137191
Solana,2022-12-09,OpenSea,38,21,38,11,35719.86791,939.9965239,6.859554502,35024.88529,0.342977725
Solana,2022-12-09,Solanart,48,27,44,18,3392.461274,70.67627655,28.53574673,390.1714601,1.09752872
Solana,2022-12-09,Yawww,70,42,8,5,208.4616788,2.978023983,0.260663071,61.73599052,0.13719109
Algorand,2022-12-08,ALGOxNFT,438,162,500,85,3621.588047,7.018581486,5.579042708,502.1140669,0.022316171
Algorand,2022-12-08,Atomic Swaps,1,1,1,0,8.256983208,8.256983208,8.256983208,8.256983208,8.256983208
Algorand,2022-12-08,Nfdomains,29,23,28,0,1536.133619,52.9701248,20.08455375,369.3326273,0.223161708
Algorand,2022-12-08,Rand Gallery,305,139,303,79,8489.099727,27.83311386,7.810659792,401.691075,0.223161708
Algorand,2022-12-08,Shufl,3,2,3,2,339.8752818,113.2917606,2.6779405,334.5194008,2.6779405
Arbitrum,2022-12-08,NFTX,1,1,1,1,3.156903001,3.156903001,3.156903001,3.156903001,3.156903001
Arbitrum,2022-12-08,Others,83,67,84,18,159083.9166,1807.771779,12.56376147,61080.44398,0.009992684
Arbitrum,2022-12-08,Seaport,976,878,1144,51,23818.62122,20.16818055,11.21885706,1246.539673,0.07479238
Arbitrum,2022-12-08,tofuNFT,279,241,273,33,1972.97064,7.071579354,0.299169522,498.6158692,0.07728546
Avalanche,2022-12-08,Element,61,61,16,2,4608.165,75.54368853,69.49833333,164.5266667,15.60166667
Avalanche,2022-12-08,FarmLand,1,1,1,1,191.475,191.475,191.475,191.475,191.475
Avalanche,2022-12-08,Nifty Protocol,23,9,23,5,2063.235317,89.70588333,141.8333333,141.8333333,2.68065
Avalanche,2022-12-08,Others,335,216,492,75,53725.24757,101.9454413,36.73483333,1031.128333,0.099283333
Avalanche,2022-12-08,Roostr,4,4,4,1,1964.391667,491.0979167,308.4875,1106.3,241.1166667
Avalanche,2022-12-08,Seaport,14,13,16,10,3709.509,231.8443125,127.65,851,0.567333333
Avalanche,2022-12-08,chikn,3,3,3,1,4113.166667,1371.055556,1347.416667,1560.166667,1205.583333
BSC,2022-12-08,Element,36,26,169,4,107328.0175,606.3729802,281.7008333,3380.41,281.7008333
BSC,2022-12-08,MarketNG,18,16,18,8,11268.03333,626.0018519,845.1025,1408.504167,281.7008333
BSC,2022-12-08,Nifty Protocol,5,5,5,3,1971.905833,394.3811667,281.7008333,845.1025,281.7008333
BSC,2022-12-08,Others,90,58,88,21,56621.8675,549.7268689,281.7008333,3380.41,281.7008333
BSC,2022-12-08,Seaport,10,5,16,4,39438.11667,2319.889216,2253.606667,3098.709167,563.4016667
Ethereum,2022-12-08,Blur,2592,1876,3454,250,4159664.82,838.811216,64.06,85968.19,0.12
Ethereum,2022-12-08,Larva Labs,5,5,5,1,431414.85,86282.97,81208.86,100664.92,79114.89
Ethereum,2022-12-08,LooksRare,329,232,330,77,4049130.23,11310.41964,144.47,998801.12,0.12
Ethereum,2022-12-08,NFTX,35,31,80,19,18222.17,224.9650617,45.85,5073.81,5.28
Ethereum,2022-12-08,OpenSea,25994,15050,11581,952,10083184.01,266.743843,37.36,124279.65,0.01
Ethereum,2022-12-08,Rarible,40,33,32,7,4311.89323,107.7973307,34.64905,842.166684,4.69E-13
Ethereum,2022-12-08,Sudoswap,347,280,515,54,199228.11,367.5795387,62.415,8417.9,2.47
Ethereum,2022-12-08,X2Y2,1009,760,1050,61,4898877.22,3934.841141,111.32,541356.51,0.49
Flow,2022-12-08,AeraPack,5,5,5,1,4.83617E-05,9.67233E-06,9.89847E-06,1.01554E-05,9.07616E-06
Flow,2022-12-08,ChainmonstersMarketplace,5,1,5,1,2.05,0.41,0.4,0.45,0.4
Flow,2022-12-08,FindMarketSale,43,17,43,1,162,3.76744186,4,9,2
Flow,2022-12-08,FlovatarMarketplace,75,17,72,2,941.1765848,12.54902113,5.118832952,142.8750563,0.513939051
Flow,2022-12-08,MatrixMarketOpenOffer,1,1,1,1,19.68386567,19.68386567,19.68386567,19.68386567,19.68386567
Flow,2022-12-08,MotoGPNFTStorefront,3,2,3,1,29.9531142,9.984371399,8.699519316,18.57681971,2.676775174
Flow,2022-12-08,NFTStorefront,4481,1328,4357,28,105236.8676,23.48513003,4,2825,0.01
Flow,2022-12-08,NFTStorefrontV2,2276,148,337,4,39304,17.26889279,10,1249,4
Flow,2022-12-08,OffersV2,2751,612,2743,1,35529,12.91494002,1,1050,1
Flow,2022-12-08,OlympicPinMarket,62,15,60,1,1441,23.24193548,10,198,1
Flow,2022-12-08,TheFabricantMarketplace,1,1,1,1,14.39029344,14.39029344,14.39029344,14.39029344,14.39029344
Flow,2022-12-08,TopShotMarketV3,6830,1581,6720,1,85279,12.48594436,2,1999,1
Flow,2022-12-08,ZeedzMarketplace,5,2,5,1,924.9875047,184.9975009,203.5198643,307.3355527,8.120237012
Gnosis,2022-12-08,Others,21,15,21,2,124.6460527,5.935526317,2.24336217,19.25653581,0.12126282
NEAR,2022-12-08,LandToEmpire,5,1,5,1,3.360272283,0.672054457,0.504040843,1.260102106,0.504040843
NEAR,2022-12-08,Mintbase,1,1,1,1,10.08081685,10.08081685,10.08081685,10.08081685,10.08081685
NEAR,2022-12-08,Others,1,1,1,1,13.44108913,13.44108913,13.44108913,13.44108913,13.44108913
NEAR,2022-12-08,Paras,218,101,204,26,1174.358492,5.38696556,0.859020007,100.8081685,0.016801361
NEAR,2022-12-08,TradePort,1,1,1,1,80.6465348,80.6465348,80.6465348,80.6465348,80.6465348
Optimism,2022-12-08,quixotic,3176,2557,2531,133,51188.17568,14.20315641,12.36,1251.84,0.12
Polygon,2022-12-08,BitKeep,255,234,678,25,29506.66601,35.80906069,12.6579845,315.5454708,0.90414175
Polygon,2022-12-08,NFTKEY,1,1,1,1,36.16567,36.16567,36.16567,36.16567,36.16567
Polygon,2022-12-08,Others,1690,718,1516,35,24438.04736,14.19166513,13.56212625,1826.366335,0.90414175
Polygon,2022-12-08,PlayDapp,127,35,1579,4,4283.823612,2.712997854,1.8082835,35.26152825,0.90414175
Polygon,2022-12-08,Seaport,980,465,4737,121,54145.43284,11.24749332,4.52070875,388.7809525,0.90414175
Polygon,2022-12-08,tofuNFT,156,69,2212,14,12932.84359,5.645064859,7.233134,198.0070433,0.90414175
Solana,2022-12-08,CoralCube,86,55,86,19,4067.453977,47.29597647,4.086123263,974.0759802,0.156108571
Solana,2022-12-08,Exchange.Art,1474,40,1474,1,15653.41134,10.61968205,0.028624035,5519.607554,0.028624035
Solana,2022-12-08,Hadeswap,2329,811,1952,73,272907.7475,116.5276462,81.17069932,2338.458724,0.493317469
Solana,2022-12-08,Hyperspace,358,174,334,20,37763.32176,105.484139,113.6389791,1176.97514,0.135284499
Solana,2022-12-08,Magic Eden,25825,5618,19864,1036,2372807.994,91.88027082,10.68747541,28396.21631,0.000135284
Solana,2022-12-08,OpenSea,27,18,27,12,501.8608469,18.58743878,2.840974476,209.6909732,0.0270569
Solana,2022-12-08,Solanart,33,24,32,14,849.1807994,25.7327515,15.15186387,162.3413986,0.676422494
Solana,2022-12-08,Yawww,270,129,11,6,8564.81955,31.72155389,0.56143067,994.3410667,0.01352845
Algorand,2022-12-07,AB2 Gallery,1,1,1,0,1.130871875,1.130871875,1.130871875,1.130871875,1.130871875
Algorand,2022-12-07,ALGOxNFT,268,105,264,62,3068.498162,11.28124324,2.137574018,678.5233512,0.022617438
Algorand,2022-12-07,Atomic Swaps,3,3,3,1,600.4929656,200.1643219,18.09395,581.0419694,1.35704625
Algorand,2022-12-07,Nfdomains,35,21,33,0,1156.429579,33.04084513,20.35569375,192.8136547,0.226174375
Algorand,2022-12-07,Rand Gallery,252,122,247,69,11318.97463,44.91656598,11.30871875,568.6023788,0.226174375
Algorand,2022-12-07,Shufl,2,2,2,2,62.19795313,31.09897656,31.09897656,33.92615625,28.27179688
Arbitrum,2022-12-07,Others,124,100,109,18,185973.1289,1499.783298,127.7218801,28276.06916,0.010072096
Arbitrum,2022-12-07,Seaport,1130,1077,1268,58,19768.5982,15.15996795,3.720535416,1240.178472,0.074410708
Arbitrum,2022-12-07,Smol Sweep,1,2,4,1,200.3166032,25.03957541,25.03957541,25.03957541,25.03957541
Arbitrum,2022-12-07,tofuNFT,229,182,226,32,2028.103541,8.779669009,0.804875828,494.8312104,0.012401785
Avalanche,2022-12-07,Element,64,64,16,2,4196.093583,65.56396224,58.243125,151.432125,12.94291667
Avalanche,2022-12-07,FarmLand,3,3,3,1,513.8337917,171.2779306,168.2579167,190.260875,155.315
Avalanche,2022-12-07,Nifty Protocol,9,8,9,5,106.4943183,11.83270204,6.471458333,38.82875,2.44621125
Avalanche,2022-12-07,Others,384,218,491,79,50908.85058,94.1013874,32.35729167,759.3479779,0.000129429
Avalanche,2022-12-07,Roostr,3,2,3,1,1046.952529,348.9841764,258.8583333,530.6595833,257.4346125
Avalanche,2022-12-07,Seaport,5,5,7,5,2128.462646,304.0660923,451.7077917,539.719625,14.88435417
Avalanche,2022-12-07,chikn,10,5,10,1,12744.2429,1274.42429,1211.780573,1549.267125,1190.748333
BSC,2022-12-07,Element,32,26,156,7,181688.1325,1114.65112,1395.454167,2232.726667,279.0908333
BSC,2022-12-07,MarketNG,25,18,25,6,15908.1775,636.3271,837.2725,837.2725,279.0908333
BSC,2022-12-07,Nifty Protocol,4,3,4,1,1116.363333,279.0908333,279.0908333,279.0908333,279.0908333
BSC,2022-12-07,Others,99,64,113,20,65028.16417,551.086137,279.0908333,3349.09,279.0908333
BSC,2022-12-07,Seaport,14,9,24,6,37956.35333,1581.514722,1534.999583,2790.908333,558.1816667
Ethereum,2022-12-07,Blur,3213,2202,3612,239,3325389.29,584.1189689,63.34,116721.55,0.12
Ethereum,2022-12-07,Larva Labs,7,7,7,1,606664.86,86666.40857,84598.19,104814.99,79194.83
Ethereum,2022-12-07,LooksRare,294,250,286,105,2702880.71,8775.586721,207.855,992765.36,0.12
Ethereum,2022-12-07,NFTX,23,22,61,15,42643.3,699.0704918,89.14,18432.68,8.8
Ethereum,2022-12-07,OpenSea,36394,17730,11945,936,12983222.98,251.0921728,33.17,84915.93,0.01
Ethereum,2022-12-07,Rarible,43,41,25,6,8664.884745,201.5089476,157.84576,1245.0472,1.2803568
Ethereum,2022-12-07,Sudoswap,459,338,759,52,375743.48,448.3812411,100.37,8034.22,3.94
Ethereum,2022-12-07,X2Y2,2013,1329,2092,57,5424648.62,1914.131482,23.675,614335,0.23
Flow,2022-12-07,AeraPack,9,9,9,1,9.07347E-05,1.00816E-05,1.00875E-05,1.05109E-05,9.61119E-06
Flow,2022-12-07,AniqueMarket,2,1,2,1,59,29.5,29.5,50,9
Flow,2022-12-07,BlockleteMarket_NFT_V2,2,1,2,1,47.04702822,23.52351411,23.52351411,45.04502702,2.002001201
Flow,2022-12-07,ChainmonstersMarketplace,7,2,7,1,2.842841705,0.406120244,0.45045027,0.490490294,0.15015009
Flow,2022-12-07,FindMarketSale,37,17,37,2,265.9108779,7.186780484,3,79,2
Flow,2022-12-07,FlovatarMarketplace,34,4,34,2,360.8218388,10.61240702,2.169927158,94.20659368,1.058501053
Flow,2022-12-07,MotoGPNFTStorefront,8,4,8,2,129.6990219,16.21237773,7.433984825,67.64317402,3.111586005
Flow,2022-12-07,NFTStorefront,7192,2010,6963,37,114331.8059,15.89708092,6,5500,0.01
Flow,2022-12-07,NFTStorefrontV2,2201,99,233,6,82592.3821,37.52493507,10,49999,3
Flow,2022-12-07,OffersV2,2102,530,2096,1,31712,15.08658421,1,3000,1
Flow,2022-12-07,OlympicPinMarket,72,20,72,1,694,9.638888889,6,75,1
Flow,2022-12-07,StarlyCardMarket,2,2,2,1,17.15723772,8.578618858,8.578618858,10.010006,7.147231712
Flow,2022-12-07,TheFabricantMarketplace,3,2,3,2,96.32359578,32.10786526,31.75503158,49.74954947,14.81901474
Flow,2022-12-07,TopShotMarketV3,4546,899,4484,1,48988,10.77606687,2,3950,1
Flow,2022-12-07,ZeedzMarketplace,2,1,2,1,51.86655157,25.93327579,25.93327579,26.46252631,25.40402526
Gnosis,2022-12-07,Others,18,6,18,2,2030.568925,112.8093847,143.0166947,339.6646499,5.720667788
NEAR,2022-12-07,LandToEmpire,3,2,3,1,6.199263099,2.066421033,2.857202266,3.116947927,0.225112906
NEAR,2022-12-07,Mintbase,4,4,4,4,8.344762255,2.086190564,1.731637737,3.463275474,1.418211307
NEAR,2022-12-07,Others,3,2,3,2,0.567457686,0.189152562,0.034632755,0.519491321,0.013333611
NEAR,2022-12-07,Paras,488,143,438,25,2867.159426,5.875326692,0.935084378,140.2626567,0.019532874
Optimism,2022-12-07,quixotic,2820,2135,2337,96,32429.75865,10.29843082,12.3,244.55,0.06
Polygon,2022-12-07,BitKeep,294,270,265,35,14317.66971,32.54015844,37.99094479,78.66360333,0.893904583
Polygon,2022-12-07,NFTKEY,6,2,6,2,31.28666042,5.214443403,4.916475208,9.832950417,0.893904583
Polygon,2022-12-07,Others,2372,1043,2004,95,45292.35743,18.81693287,13.40856875,7042.180308,0.893904583
Polygon,2022-12-07,PlayDapp,148,34,2188,7,8551.091244,3.908176985,3.575618333,107.26855,0.893904583
Polygon,2022-12-07,Seaport,953,487,3594,97,74391.63333,20.3701077,6.257332083,1397.172864,0.893904583
Polygon,2022-12-07,tofuNFT,200,82,2846,23,18376.89042,6.457094316,7.151236667,446.9522917,0.893904583
Solana,2022-12-07,CoralCube,46,37,46,15,2068.187221,44.96059177,8.293689118,420.1958903,0.110749068
Solana,2022-12-07,Exchange.Art,41,26,41,1,4022.176779,98.10187265,27.5519867,594.9851528,1.377599335
Solana,2022-12-07,Hadeswap,1136,433,954,82,187859.2733,164.3563196,53.38025224,2334.556689,1.049599491
Solana,2022-12-07,Hyperspace,99,37,98,17,8818.995297,89.08076057,4.132798005,2231.710923,0.110758987
Solana,2022-12-07,Magic Eden,24430,5713,18864,959,2599543.078,106.4078215,11.02079468,26009.07545,0.001377599
Solana,2022-12-07,OpenSea,55,30,55,20,2433.473708,44.24497651,9.505435412,440.8317872,0.413279801
Solana,2022-12-07,Solanart,34,23,30,8,1700.921899,50.02711468,13.63823342,736.7401244,1.377599321
Solana,2022-12-07,Yawww,217,102,6,4,15188.30819,69.99220364,55.65501314,964.3195346,26.17438737
Algorand,2022-12-06,AB2 Gallery,2,2,2,1,8.7095965,4.35479825,4.35479825,5.8848625,2.824734
Algorand,2022-12-06,ALGOxNFT,247,146,247,51,3610.895353,14.27231365,8.241161445,188.3158354,0.02353945
Algorand,2022-12-06,Atomic Swaps,11,9,16,1,229.9098082,14.36936301,9.356931375,46.8435055,0.0470789
Algorand,2022-12-06,Nfdomains,9,7,9,0,368.3923925,40.93248806,37.66312,75.32624,20.0085325
Algorand,2022-12-06,Rand Gallery,287,130,257,76,10009.18035,34.87519284,9.41578,1883.156,0.2353945
Algorand,2022-12-06,Shufl,2,2,2,1,16.477615,8.2388075,8.2388075,12.9466975,3.5309175
Arbitrum,2022-12-06,NFTX,7,2,21,2,92.52268129,4.405841966,3.998536127,7.968683269,0.799707226
Arbitrum,2022-12-06,Others,52,19,54,14,7394.078869,136.9273865,6.044299889,6296.145717,1.25923E-06
Arbitrum,2022-12-06,Seaport,1162,1042,1280,57,32123.03843,23.99031996,5.036916574,1390.188974,0.012592291
Arbitrum,2022-12-06,tofuNFT,154,133,147,23,3258.192447,21.15709381,1.511074972,755.5374861,0.012592291
Avalanche,2022-12-06,Element,78,78,17,3,6429.522408,82.42977446,80.47364583,166.5454583,0.027990833
Avalanche,2022-12-06,FarmLand,3,3,3,1,1847.255046,615.7516819,97.8279625,1679.45,69.97708333
Avalanche,2022-12-06,Nifty Protocol,14,8,14,6,281.2518933,20.08942095,12.44892313,60.18029167,7.697479167
Avalanche,2022-12-06,Others,248,162,321,67,34295.12359,98.26682976,27.99083333,823.6162754,0.139954167
Avalanche,2022-12-06,Roostr,22,5,22,1,7779.772217,353.6260098,349.8854167,489.8395833,279.9083333
Avalanche,2022-12-06,Seaport,9,8,28,6,8950.894688,319.6748103,293.90375,538.8235417,0.12595875
Avalanche,2022-12-06,chikn,2,2,2,1,2869.060417,1434.530208,1434.530208,1539.495833,1329.564583
BSC,2022-12-06,Element,51,33,320,9,122952.075,373.7145137,280.7125,1403.5625,280.7125
BSC,2022-12-06,MarketNG,24,19,24,14,12632.0625,526.3359375,280.7125,1403.5625,280.7125
BSC,2022-12-06,Nifty Protocol,2,2,2,2,1964.9875,982.49375,982.49375,1684.275,280.7125
BSC,2022-12-06,Others,141,68,137,23,54738.9375,380.1315104,280.7125,3368.55,280.7125
BSC,2022-12-06,Seaport,14,7,67,5,32281.9375,481.8199627,280.7125,2807.125,280.7125
Ethereum,2022-12-06,Blur,3071,2372,3671,226,6644793.1,1247.145852,86.62,87772.3,0.12
Ethereum,2022-12-06,Larva Labs,16,11,13,1,1410455.8,88153.4875,86004.345,114643.8,79903.36
Ethereum,2022-12-06,LooksRare,405,319,389,86,4774342.02,10925.26778,311.2,1013910.72,0.12
Ethereum,2022-12-06,NFTX,38,28,89,16,21241.74,236.0193333,109.94,1069.01,4.35
Ethereum,2022-12-06,OpenSea,30709,15628,11601,966,10070047.79,231.4049174,40.33,110915.12,0.01
Ethereum,2022-12-06,Rarible,21,19,20,6,16121.66403,767.6982872,102.62812,9667.581,12.6112
Ethereum,2022-12-06,Sudoswap,294,211,604,46,329381.39,515.4638341,19.25,31253.25,0.13
Ethereum,2022-12-06,X2Y2,1771,1151,1924,51,5143165.92,2120.893163,37.45,352223.2,0.51
Flow,2022-12-06,AeraPack,8,8,8,1,8.41763E-05,1.0522E-05,1.04601E-05,1.1258E-05,1.00475E-05
Flow,2022-12-06,ChainmonstersMarketplace,13,5,13,1,8.32832,0.64064,0.4004,2.98298,0.3003
Flow,2022-12-06,FindMarketSale,11,4,11,1,49,4.454545455,2,15,2
Flow,2022-12-06,FlovatarMarketplace,13,7,13,2,1005.020182,77.30924479,19.80877447,329.0457536,1.925853073
Flow,2022-12-06,Market,1,1,1,1,16,16,16,16,16
Flow,2022-12-06,NFTStorefront,7551,1943,7247,28,104826.8594,13.88251349,6,2740,0.01
Flow,2022-12-06,NFTStorefrontV2,2285,181,336,4,31026.71017,13.57842896,10,1495,5
Flow,2022-12-06,OffersV2,2500,602,2482,1,46931,18.7724,2,2000,1
Flow,2022-12-06,OlympicPinMarket,235,38,235,1,2127,9.05106383,6,158,1
Flow,2022-12-06,TopShotMarketV3,5792,1353,5658,1,62284,10.75345304,3,1666,1
Gnosis,2022-12-06,Others,2,2,2,1,0.953998524,0.476999262,0.476999262,0.655873985,0.298124539
NEAR,2022-12-06,Apollo42,2,2,2,1,10.48657606,5.243288031,5.243288031,7.007948564,3.478627499
NEAR,2022-12-06,LandToEmpire,1,1,1,1,0.227247023,0.227247023,0.227247023,0.227247023,0.227247023
NEAR,2022-12-06,Mintbase,3,2,3,3,3.146514716,1.048838239,1.398443216,1.748054019,1.74805E-05
NEAR,2022-12-06,Others,2,2,2,2,118.5180625,59.25903126,59.25903126,86.52867396,31.98938856
NEAR,2022-12-06,Paras,170,65,137,17,1959.67267,11.52748629,2.641799079,157.3248618,0.01748054
NEAR,2022-12-06,TradePort,3,1,3,1,95.96816567,31.98938856,31.98938856,31.98938856,31.98938856
Optimism,2022-12-06,quixotic,3493,2727,2908,105,43008.9619,10.09126276,12.52,251.59,0.12
Polygon,2022-12-06,BitKeep,295,237,1792,37,177410.3164,90.37713521,99.28594271,180.3542813,0.910880208
Polygon,2022-12-06,NFTKEY,3,2,3,2,39.16784896,13.05594965,10.01968229,24.59376563,4.554401042
Polygon,2022-12-06,Others,2054,975,1707,84,36346.85295,17.60138158,13.66320313,6439.923073,0.910880208
Polygon,2022-12-06,PlayDapp,74,35,1079,6,4558.044563,4.224323042,4.554401042,53.74193229,0.910880208
Polygon,2022-12-06,Seaport,734,367,2203,86,33736.27028,14.80310236,5.46528125,675.8731146,0.910880208
Polygon,2022-12-06,tofuNFT,216,92,2724,27,15822.9001,5.793811827,7.287041667,67.40513542,0.910880208
Solana,2022-12-06,CoralCube,114,101,111,21,6800.185295,59.6507482,51.1767597,1066.269908,0.14106872
Solana,2022-12-06,Exchange.Art,50,34,49,4,6480.619395,129.6123879,21.07751555,2318.52671,1.405167703
Solana,2022-12-06,Hadeswap,1419,542,1224,84,225708.8563,155.2330511,57.95442913,2288.80775,0.512397031
Solana,2022-12-06,Hyperspace,75,55,75,26,10029.66551,133.7288735,49.18086961,1194.392548,0.281033541
Solana,2022-12-06,Magic Eden,29292,6312,21842,1052,2509448.014,85.67008104,19.17351331,38642.11183,1.40517E-06
Solana,2022-12-06,OpenSea,13,11,13,8,1221.512284,93.96248341,11.10082485,1053.875777,0.983617392
Solana,2022-12-06,SMB Market,1,1,1,1,3723.694413,3723.694413,3723.694413,3723.694413,3723.694413
Solana,2022-12-06,Solanart,47,22,42,19,2223.488192,47.30825941,5.620670812,702.5838515,0.014051677
Solana,2022-12-06,Yawww,217,94,8,5,21547.53009,99.29737369,108.1979131,217.800994,10.25772423
Algorand,2022-12-05,ALGOxNFT,249,150,246,48,3638.997072,14.61444607,2.421302217,362.8327419,0.024188833
Algorand,2022-12-05,Atomic Swaps,4,4,4,1,224.230485,56.05762125,11.85252833,193.5106667,7.014761667
Algorand,2022-12-05,Nfdomains,11,9,11,0,836.5708008,76.05189099,37.49269167,384.60245,0.241888333
Algorand,2022-12-05,Rand Gallery,367,144,365,62,15020.26723,40.92715866,5.80532,1990.257207,0.241888333
Algorand,2022-12-05,Shufl,4,4,4,2,100.3836583,25.09591458,21.89089417,53.69921,2.90266
Arbitrum,2022-12-05,NFTX,4,2,9,2,68.30305306,7.589228118,10.69758603,10.69758603,0.551674888
Arbitrum,2022-12-05,Others,72,63,71,21,2465.550564,32.87400753,1.975105951,495.3567389,0.099206826
Arbitrum,2022-12-05,Seaport,1137,1037,1397,53,33577.92153,23.23731594,6.866894917,1665.478245,0.012811371
Arbitrum,2022-12-05,tofuNFT,268,184,260,34,7480.901273,27.91381072,1.185051828,954.447148,0.012811371
Avalanche,2022-12-05,Element,85,85,20,3,6068.25999,71.391294,72.2196087,169.495,0.014738696
Avalanche,2022-12-05,FarmLand,1,1,1,1,1105.402174,1105.402174,1105.402174,1105.402174,1105.402174
Avalanche,2022-12-05,Nifty Protocol,21,13,21,9,777.7609696,37.03623665,16.9495,198.9723913,1.768643478
Avalanche,2022-12-05,Others,291,237,501,66,101843.6433,177.7375974,35.88872391,5895.478261,0.117909565
Avalanche,2022-12-05,Roostr,11,3,11,1,4225.436657,384.1306051,396.470913,427.4221739,338.99
Avalanche,2022-12-05,Seaport,16,11,32,7,3493.232995,109.1635311,14.48813783,736.9347826,4.421608696
Avalanche,2022-12-05,chikn,6,6,6,1,8835.848043,1472.641341,1374.38337,1842.336957,1282.266522
BSC,2022-12-05,Element,153,26,2472,8,888482.0875,358.1145052,289.7854167,2608.06875,289.7854167
BSC,2022-12-05,MarketNG,20,16,25,6,9852.704167,394.1081667,289.7854167,869.35625,289.7854167
BSC,2022-12-05,Nifty Protocol,2,2,2,2,579.5708333,289.7854167,289.7854167,289.7854167,289.7854167
BSC,2022-12-05,Others,132,41,135,22,54479.65833,383.6595657,289.7854167,3477.425,289.7854167
BSC,2022-12-05,Seaport,16,10,35,7,38251.675,1092.905,579.5708333,6665.064583,289.7854167
Ethereum,2022-12-05,Blur,4796,3010,5067,247,4539829.37,510.7244201,26.02,96698.15,0.13
Ethereum,2022-12-05,Larva Labs,1,1,1,1,116485.2,116485.2,116485.2,116485.2,116485.2
Ethereum,2022-12-05,LooksRare,447,346,354,87,4238227.19,8510.496365,419.875,1047895.2,0.13
Ethereum,2022-12-05,NFTX,37,34,63,18,25517.17,405.0344444,70.9,5738.54,1.09
Ethereum,2022-12-05,OpenSea,28083,14805,11729,941,8110506.02,202.3377412,36.6,81509.86,0.01
Ethereum,2022-12-05,Rarible,29,16,26,5,13021.05522,449.0019041,261.03854,3146.625,1.30E-09
Ethereum,2022-12-05,Sudoswap,227,162,370,43,229319.41,580.5554684,88.9,26546.87,0.01
Ethereum,2022-12-05,X2Y2,700,577,763,55,4269828.36,4797.559955,56.555,266015.4,0.75
Flow,2022-12-05,AeraPack,1,1,1,1,1.03069E-05,1.03069E-05,1.03069E-05,1.03069E-05,1.03069E-05
Flow,2022-12-05,ChainmonstersMarketplace,18,5,18,1,64.57,3.587222222,0.645,45,0.16
Flow,2022-12-05,FindMarketSale,5,3,5,1,29,5.8,5,9,4
Flow,2022-12-05,FlovatarMarketplace,49,13,49,2,558.9965754,11.40809338,2.806884066,61.75144944,1.684130439
Flow,2022-12-05,Market,6,6,6,1,92,15.33333333,15,16,15
Flow,2022-12-05,NFTStorefront,4086,1099,3934,32,59951.04524,14.67230672,5,6000,0.001122754
Flow,2022-12-05,NFTStorefrontV2,2133,82,159,5,25048.64058,11.74338518,10,775,5
Flow,2022-12-05,OffersV2,2083,520,2072,1,39545,18.98463754,1,9250,1
Flow,2022-12-05,OlympicPinMarket,109,24,94,1,642,5.889908257,6,99,1
Flow,2022-12-05,TheFabricantMarketplace,1,1,1,1,15.71855077,15.71855077,15.71855077,15.71855077,15.71855077
Flow,2022-12-05,TopShotMarketV3,5555,1398,5488,1,47470,8.545454545,2,2750,1
Flow,2022-12-05,ZeedzMarketplace,4,3,4,1,1067.202901,266.8007253,84.5,886.9753647,11.22753626
Gnosis,2022-12-05,Others,3,3,3,1,22.7777386,7.592579534,3.770896524,15.23594555,3.770896524
NEAR,2022-12-05,Mintbase,3,3,3,2,1.411799498,0.470599833,0.017429408,1.39435266,1.74294E-05
NEAR,2022-12-05,Paras,355,113,220,22,4561.812546,12.85017619,0.037089781,261.4411237,0.019660373
NEAR,2022-12-05,TradePort,6,4,6,2,128.977621,21.49627017,10.45764495,43.57352062,10.45764495
Optimism,2022-12-05,quixotic,2714,2285,2066,100,34089.77728,11.38603116,12.92,315.52,0.13
Polygon,2022-12-05,BitKeep,303,223,3011,29,514995.2912,162.5103475,183.3471503,183.3471503,0.925995708
Polygon,2022-12-05,NFTKEY,2,1,2,1,133.343382,66.671691,66.671691,68.52368242,64.81969958
Polygon,2022-12-05,Others,1833,928,1529,76,27926.17857,14.8543503,13.88993563,648.1969958,0.925995708
Polygon,2022-12-05,PlayDapp,113,33,2169,4,7599.646778,3.503756007,4.629978542,277.7987125,0.925995708
Polygon,2022-12-05,Seaport,595,345,1951,112,27109.45036,13.74021812,4.629978542,444.47794,0.925995708
Polygon,2022-12-05,tofuNFT,284,102,4489,17,24060.14649,5.345511329,4.629978542,46.29978542,0.925995708
Solana,2022-12-05,CoralCube,153,112,150,22,7085.890285,46.3130084,57.08344628,382.7148096,0.167537058
Solana,2022-12-05,Exchange.Art,1599,24,1599,0,3324.3588,2.07902364,0.029443755,1289.166218,0.029443755
Solana,2022-12-05,Hadeswap,1080,436,941,84,160797.091,144.9928684,52.01033892,3089.32319,0.483280778
Solana,2022-12-05,Hyperspace,133,78,133,28,16666.03583,125.30854,41.05181717,5148.871983,0.166990443
Solana,2022-12-05,Magic Eden,29427,6315,22042,1059,2263980.671,76.93549024,13.91587023,55635.64916,1.39159E-05
Solana,2022-12-05,OpenSea,81,67,81,20,4526.285691,55.88007025,86.2783954,180.7671542,0.278317405
Solana,2022-12-05,Solanart,64,28,64,23,1736.130053,27.12703208,11.61975164,340.7996618,0.695793511
Solana,2022-12-05,Yawww,30,20,6,3,2610.171946,87.00573155,94.21044143,260.0876145,4.174761068
Algorand,2022-12-04,AB2 Gallery,1,1,1,1,768.4784,768.4784,768.4784,768.4784,768.4784
Algorand,2022-12-04,ALGOxNFT,440,189,422,64,4761.389625,10.82134006,3.604643995,787.9305382,0.047971063
Algorand,2022-12-04,Atomic Swaps,10,7,10,1,91.98686448,9.198686448,7.80485875,26.6565945,0.002401495
Algorand,2022-12-04,Nfdomains,31,14,31,0,727.4128355,23.46493018,19.81233375,100.86279,0.2401495
Algorand,2022-12-04,Rand Gallery,382,150,371,70,12870.28701,33.6918508,13.20846265,600.37375,0.2401495
Algorand,2022-12-04,Shufl,5,5,5,3,201.4854305,40.2970861,4.80299,112.389966,2.1613455
Arbitrum,2022-12-04,NFTX,4,4,6,4,40.42145601,6.736909335,5.022255469,23.05334154,0.543815957
Arbitrum,2022-12-04,Others,38,33,38,20,15737.63836,414.148378,11.1765461,8840.205956,1.26289E-06
Arbitrum,2022-12-04,Seaport,1542,1424,1855,51,189851.145,98.11428684,19.70103042,606.1855513,0.012628866
Arbitrum,2022-12-04,Smol Sweep,1,2,6,1,727.6871095,60.64059246,60.64059246,60.64059246,60.64059246
Arbitrum,2022-12-04,tofuNFT,359,265,340,32,6017.714973,16.76243725,19.32216445,719.8453422,0.012628866
Avalanche,2022-12-04,Element,73,73,16,2,6343.6611,86.89946712,84.2212,171.4503,15.0395
Avalanche,2022-12-04,FarmLand,9,6,9,1,2199.97806,244.4420067,195.5135,571.501,180.474
Avalanche,2022-12-04,Nifty Protocol,27,15,27,11,709.3527562,26.2723243,9.0237,120.316,1.80474
Avalanche,2022-12-04,Others,306,181,391,68,35183.27914,76.31947753,30.6595247,436.1455,0.2255925
Avalanche,2022-12-04,Roostr,5,5,5,1,1842.188355,368.437671,360.948,404.56255,330.869
Avalanche,2022-12-04,Seaport,12,9,19,7,761.088937,40.05731247,5.925563,165.4345,0.210553
Avalanche,2022-12-04,chikn,6,5,6,1,32152.94705,5358.824508,1864.146025,23236.0275,1503.95
BSC,2022-12-04,Element,34,27,67,8,71832.765,945.1679605,865.455,2307.88,288.485
BSC,2022-12-04,MarketNG,28,14,28,10,12116.37,432.7275,288.485,1153.94,288.485
BSC,2022-12-04,Nifty Protocol,10,5,10,4,3461.82,346.182,288.485,865.455,288.485
BSC,2022-12-04,Others,109,40,113,20,36060.625,313.5706522,288.485,1442.425,288.485
BSC,2022-12-04,Seaport,9,7,39,6,17309.1,443.8230769,288.485,2884.85,288.485
Ethereum,2022-12-04,Blur,7140,4233,6062,269,5732944.75,457.354986,18.77,104275.3,0.13
Ethereum,2022-12-04,Larva Labs,4,3,4,1,365917.14,91479.285,89582.18,186740.24,12.54
Ethereum,2022-12-04,LooksRare,413,307,371,95,3712581.94,8574.09224,189.11,1013555.2,0.13
Ethereum,2022-12-04,NFTX,38,34,91,15,18356.5,201.7197802,110.98,4634.24,1.56
Ethereum,2022-12-04,OpenSea,24869,13769,13562,922,7051938.7,193.5484754,27.55,102161.6,0.01
Ethereum,2022-12-04,Rarible,19,17,19,6,3491.706851,183.7740448,15.70535476,1270.0649,1.28E-10
Ethereum,2022-12-04,Sudoswap,201,155,285,43,121343.43,409.9440203,105.995,13510.29,1.62
Ethereum,2022-12-04,X2Y2,1066,781,1213,51,4488853.68,3055.720681,28.76,150816,1.15
Flow,2022-12-04,ChainmonstersMarketplace,8,4,8,1,19.33,2.41625,0.415,15,0.3
Flow,2022-12-04,FindMarketSale,2,1,2,1,5,2.5,2.5,3,2
Flow,2022-12-04,FlovatarMarketplace,18,8,18,1,682.427677,37.91264872,15.99121078,160.4635288,1.599121078
Flow,2022-12-04,MotoGPNFTStorefront,7,3,7,1,51.26561554,7.323659362,8.277402191,13.59665081,0.949865825
Flow,2022-12-04,NFTStorefront,3951,1023,3789,35,58414.05117,14.78462444,5,1660,0.441136849
Flow,2022-12-04,NFTStorefrontV2,2151,64,193,4,25404,11.81032078,10,850,4
Flow,2022-12-04,OffersV2,1464,402,1461,1,17497,11.95150273,1,1700,1
Flow,2022-12-04,OlympicPinMarket,87,16,82,1,346,3.977011494,6,6,1
Flow,2022-12-04,TopShotMarketV3,4004,847,3898,1,28392,7.090909091,2,885,1
Flow,2022-12-04,ZeedzMarketplace,4,2,4,1,39.53689009,9.884222523,8.161031706,22.05684245,1.157984229
Gnosis,2022-12-04,Nifty,1,1,1,1,0.999919627,0.999919627,0.999919627,0.999919627,0.999919627
Gnosis,2022-12-04,Others,8,5,8,1,25.38795932,3.173494916,0.649947757,17.88856212,0.099991963
NEAR,2022-12-04,LandToEmpire,1,1,1,1,0.932276969,0.932276969,0.932276969,0.932276969,0.932276969
NEAR,2022-12-04,Mintbase,2,2,2,1,0.033900981,0.01695049,0.01695049,0.01695049,0.01695049
NEAR,2022-12-04,Paras,147,54,117,13,2601.703981,17.69866653,0.527634863,167.8098544,0.019120153
NEAR,2022-12-04,TradePort,10,3,10,5,311.7195174,31.17195174,10.0007893,83.05740267,6.610691233
Optimism,2022-12-04,quixotic,2939,2213,2698,119,45714.38917,12.72318095,12.52,381.5,0.13
Polygon,2022-12-04,BitKeep,406,245,2164,35,279280.8777,117.8400328,180.385611,181.301274,0.915663
Polygon,2022-12-04,NFTKEY,2,1,2,2,21.060249,10.5301245,10.5301245,17.397597,3.662652
Polygon,2022-12-04,Others,1404,584,1248,45,22155.38195,15.39637384,9.15663,2312.049075,0.915663
Polygon,2022-12-04,PlayDapp,103,33,1688,6,5896.86972,3.493406232,4.578315,32.048205,0.915663
Polygon,2022-12-04,Seaport,631,323,3177,98,29166.61354,9.148875012,5.493978,320.48205,0.915663
Polygon,2022-12-04,tofuNFT,226,83,3712,15,21437.50216,5.748860862,7.325304,457.8315,0.915663
Solana,2022-12-04,CoralCube,79,53,79,23,3155.624374,39.94461233,13.52648808,782.9672034,0.162517758
Solana,2022-12-04,Exchange.Art,49,37,49,1,4643.102254,94.75718885,19.57349188,1619.87519,1.349895992
Solana,2022-12-04,Hadeswap,1076,454,948,88,187554.3693,171.9105126,72.30042932,3037.265982,1.028492182
Solana,2022-12-04,Hyperspace,47,29,47,15,5912.069281,125.7887081,16.1987519,3374.73998,0.269979198
Solana,2022-12-04,Magic Eden,23258,5388,18764,994,1792305.171,77.06187852,9.447922047,9449.271943,1.3499E-05
Solana,2022-12-04,OpenSea,44,18,44,22,1286.538623,29.23951417,1.147411593,796.4386352,0.350972958
Solana,2022-12-04,SMB Market,1,1,1,1,6749.479959,6749.479959,6749.479959,6749.479959,6749.479959
Solana,2022-12-04,Solanart,35,13,35,11,4837.727558,138.2207874,11.87908473,2024.843988,0.944927194
Solana,2022-12-04,Yawww,30,19,4,2,2255.001254,75.16670848,91.79292745,95.84261542,39.14698376
Algorand,2022-12-03,AB2 Gallery,2,2,2,1,17.90036875,8.950184375,8.950184375,16.69088438,1.209484375
Algorand,2022-12-03,ALGOxNFT,526,189,520,69,4014.736973,7.632579796,2.421387719,337.536865,0.026608656
Algorand,2022-12-03,Atomic Swaps,14,11,41,0,689.4060938,16.81478277,18.14226563,24.1896875,4.8379375
Algorand,2022-12-03,Nfdomains,12,8,12,0,1073.417383,89.45144857,50.19360156,299.952125,19.95649219
Algorand,2022-12-03,Rand Gallery,400,126,390,72,8031.694926,20.07923731,4.35414375,618.0465156,0.241896875
Algorand,2022-12-03,Shufl,1,1,1,0,3.628453125,3.628453125,3.628453125,3.628453125,3.628453125
Arbitrum,2022-12-03,Others,38,30,38,15,13628.52608,358.645423,4.663825038,12366.63411,0.050250535
Arbitrum,2022-12-03,Seaport,1421,1327,1534,60,48586.86557,30.63484588,19.38731011,1192.44712,0.012754809
Arbitrum,2022-12-03,Zapper,1,1,1,1,1361.575819,1361.575819,1361.575819,1361.575819,1361.575819
Arbitrum,2022-12-03,tofuNFT,489,263,484,23,13264.21195,27.12517782,19.0939495,2550.834309,0.012754809
Avalanche,2022-12-03,Element,69,69,18,3,5303.066532,76.85603669,78.49125,161.343125,0.273265833
Avalanche,2022-12-03,FarmLand,2,2,2,1,478.0698542,239.0349271,239.0349271,290.5629792,187.506875
Avalanche,2022-12-03,Nifty Protocol,72,18,72,11,3122.743857,43.37144246,13.37258333,1642.502083,1.671572917
Avalanche,2022-12-03,Others,251,140,345,76,82995.70323,205.434909,58.14159399,1401.940938,0.145354167
Avalanche,2022-12-03,Roostr,5,4,5,1,1686.108333,337.2216667,334.3145833,348.85,319.7791667
Avalanche,2022-12-03,Seaport,6,5,6,4,612.5224583,102.0870764,29.07083333,494.2041667,2.034958333
Avalanche,2022-12-03,chikn,3,3,3,1,4745.813542,1581.937847,1511.683333,1816.927083,1417.203125
BSC,2022-12-03,Element,31,22,55,5,49863.875,791.4900794,579.8125,2319.25,289.90625
BSC,2022-12-03,MarketNG,46,24,46,7,25511.75,554.6032609,289.90625,1449.53125,289.90625
BSC,2022-12-03,Nifty Protocol,13,2,13,1,3768.78125,289.90625,289.90625,289.90625,289.90625
BSC,2022-12-03,Others,85,41,127,24,49573.96875,372.7366071,289.90625,1159.625,289.90625
BSC,2022-12-03,Seaport,27,15,174,8,73926.09375,422.4348214,289.90625,869.71875,289.90625
Ethereum,2022-12-03,Blur,5310,3369,5391,242,4413054.15,452.1108647,25.08,85803.44,0.13
Ethereum,2022-12-03,Larva Labs,5,5,5,1,528163.83,105632.766,100161.52,136526.08,84505.74
Ethereum,2022-12-03,LooksRare,491,285,479,82,4238475.14,7623.156727,884.95,1029804.08,0.13
Ethereum,2022-12-03,NFTX,30,29,101,20,5594.16,55.38772277,9.51,874.7,5.69
Ethereum,2022-12-03,OpenSea,26881,14385,12733,908,6413337.09,161.8589478,29.68,104567.13,0.01
Ethereum,2022-12-03,Rarible,15,13,13,5,5413.398546,338.3374091,34.8256989,3220.959488,1.28151E-06
Ethereum,2022-12-03,Sudoswap,268,201,375,43,189600.23,474.000575,228.185,32407.16,1.87
Ethereum,2022-12-03,X2Y2,2064,1290,2202,50,3046230.64,1027.396506,24.87,162561.28,0.49
Flow,2022-12-03,ChainmonstersMarketplace,17,3,17,1,7.227222891,0.425130758,0.180180072,2.302300921,0.140140056
Flow,2022-12-03,FindMarketSale,1,1,1,1,33,33,33,33,33
Flow,2022-12-03,FlovatarMarketplace,46,12,46,2,919.9061532,19.99795985,2.943943928,160.8265665,1.090349603
Flow,2022-12-03,Market,1,1,1,1,15,15,15,15,15
Flow,2022-12-03,MotoGPNFTStorefront,4,1,4,1,101.7832798,25.44581996,28.88537389,41.27464713,2.737884927
Flow,2022-12-03,NFTStorefront,4078,1059,3954,29,57792.35728,14.17174038,4.002000801,2900,0.2
Flow,2022-12-03,NFTStorefrontV2,2313,140,359,6,68678,29.69217467,10,31500,4
Flow,2022-12-03,OffersV2,1516,416,1501,1,22721,14.98746702,1,5400,1
Flow,2022-12-03,OlympicPinMarket,30,11,30,1,208,6.933333333,6,80,1
Flow,2022-12-03,TheFabricantMarketplace,1,1,1,1,21.80699206,21.80699206,21.80699206,21.80699206,21.80699206
Flow,2022-12-03,TopShotMarketV3,3821,912,3770,1,34729,9.088981942,2,950,1
Flow,2022-12-03,ZeedzMarketplace,5,4,5,1,520.9743057,104.1948611,115.5770579,149,3
Gnosis,2022-12-03,Others,17,8,17,1,336.2093579,19.77702105,1.84984241,114.9902038,0.187983985
NEAR,2022-12-03,LandToEmpire,2,1,2,1,0.393188128,0.196594064,0.196594064,0.205141632,0.188046496
NEAR,2022-12-03,Mintbase,6,5,6,3,4.614319106,0.769053184,0.708593387,1.606942783,0.000170951
NEAR,2022-12-03,Paras,203,94,142,20,2510.341467,12.36621412,1.728796912,384.6405597,0.019283313
Optimism,2022-12-03,quixotic,2590,2199,2243,92,33894.53574,11.30571572,12.75,227.23,0.01
Polygon,2022-12-03,BitKeep,441,280,3099,34,468480.8446,139.6782482,183.1314788,183.1314788,0.924906458
Polygon,2022-12-03,Element,2,2,7,2,6.474345208,0.924906458,0.924906458,0.924906458,0.924906458
Polygon,2022-12-03,NFTKEY,2,2,2,2,72.14270375,36.07135188,36.07135188,69.36798438,2.774719375
Polygon,2022-12-03,Others,1471,576,1240,48,22338.34078,15.17550325,13.87359688,1868.311046,0.924906458
Polygon,2022-12-03,PlayDapp,94,34,1428,4,5130.456124,3.59275639,4.624532292,24.97247438,0.924906458
Polygon,2022-12-03,Seaport,598,295,2618,101,55381.54891,20.97785944,5.54943875,8561.859085,0.924906458
Polygon,2022-12-03,tofuNFT,168,60,2035,17,10561.50685,5.167077714,5.54943875,51.79476167,0.924906458
Solana,2022-12-03,CoralCube,75,62,75,22,3242.778164,43.23704219,20.36987799,316.0101759,0.149708992
Solana,2022-12-03,Exchange.Art,47,38,47,0,6375.116865,135.6407844,29.15718535,2712.296311,1.356148156
Solana,2022-12-03,Hadeswap,1157,376,972,79,129385.0964,110.6801509,40.54882986,3024.210387,0.857772361
Solana,2022-12-03,Hyperspace,98,52,96,27,18719.56503,191.0159697,4.475288914,5899.244477,0.040684445
Solana,2022-12-03,Magic Eden,26943,6259,20944,971,1942928.39,72.11254836,14.23955564,13561.48156,0.000135615
Solana,2022-12-03,OpenSea,34,22,34,19,1900.165497,55.88722049,40.68444467,183.080001,0.447528891
Solana,2022-12-03,Solanart,12,11,12,9,639.4238554,53.28532128,44.07481506,176.2992602,0.813688893
Solana,2022-12-03,Yawww,37,23,5,2,3613.727991,97.66832407,94.9303709,623.8281516,47.46518545
Algorand,2022-12-02,AB2 Gallery,1,1,1,1,0.973243,0.973243,0.973243,0.973243,0.973243
Algorand,2022-12-02,ALGOxNFT,625,201,622,76,5352.393649,8.563829838,8.518309357,243.0676826,0.026764183
Algorand,2022-12-02,Atomic Swaps,18,12,20,1,186.6412432,9.332062161,7.177667125,48.41883925,0.002433108
Algorand,2022-12-02,Nfdomains,20,14,18,0,419.7110438,20.98555219,10.15822381,124.0884825,0.24331075
Algorand,2022-12-02,Rand Gallery,313,127,307,82,10805.6253,34.52276454,7.785944,2433.1075,0.24331075
Algorand,2022-12-02,Shufl,10,5,10,2,1002.44029,100.244029,4.3795935,608.276875,2.67641825
Arbitrum,2022-12-02,NFTX,1,1,9,1,576.909226,64.10102511,64.10102511,64.10102511,64.10102511
Arbitrum,2022-12-02,Others,244,219,239,16,702379.781,2878.60566,101.1944532,185892.9728,1.28202E-06
Arbitrum,2022-12-02,Seaport,1635,1512,1790,58,59725.9691,32.54821204,18.20469113,1205.099272,0.001282021
Arbitrum,2022-12-02,tofuNFT,469,255,452,30,7185.810618,15.32155782,18.58801526,512.8082009,0.012820205
Avalanche,2022-12-02,Element,77,77,22,3,6346.44836,77.39571171,79.55033333,183.8153333,1.189393333
Avalanche,2022-12-02,Nifty Protocol,28,17,28,8,4160.698687,148.5963817,30.73886667,1652.793333,5.869733333
Avalanche,2022-12-02,Others,226,163,329,79,48441.84973,131.994141,20.08066667,1716.279133,0.001544667
Avalanche,2022-12-02,Roostr,18,5,18,1,5637.7244,313.2069111,331.9488667,386.1666667,247.1466667
Avalanche,2022-12-02,Seaport,13,10,32,9,30640.08523,957.5026635,54.06333333,2780.4,0.13902
Avalanche,2022-12-02,chikn,12,5,12,1,19130.69667,1594.224722,1583.283333,1930.833333,1405.646667
BSC,2022-12-02,Element,41,31,152,8,224072.0192,1418.177336,876.4225,2921.408333,292.1408333
BSC,2022-12-02,MarketNG,63,53,62,7,60765.29333,964.5284656,876.4225,6134.9575,292.1408333
BSC,2022-12-02,Nifty Protocol,17,5,17,2,4966.394167,292.1408333,292.1408333,292.1408333,292.1408333
BSC,2022-12-02,Others,63,42,164,23,103125.7142,592.6765182,438.21125,2629.2675,292.1408333
BSC,2022-12-02,Seaport,14,7,16,5,7595.661667,474.7288542,584.2816667,876.4225,292.1408333
Ethereum,2022-12-02,Blur,5340,3488,5056,248,3361470.39,336.4835225,23.87,89450.91,0.13
Ethereum,2022-12-02,Larva Labs,8,5,7,1,815177.51,101897.1888,99655.685,134578.87,85250.78
Ethereum,2022-12-02,LooksRare,335,247,349,85,2819723.53,7343.030026,165.735,1033028,0.13
Ethereum,2022-12-02,NFTX,39,39,119,17,31051.37,246.4394444,27.93,16598,1.99
Ethereum,2022-12-02,OpenSea,29995,15162,12546,925,8667926.59,194.2827881,30,102965.06,0.01
Ethereum,2022-12-02,Rarible,29,26,26,12,3661.594052,126.2618639,51.848552,570.47628,1.2908305
Ethereum,2022-12-02,Sudoswap,292,205,450,40,255419.55,512.8906627,150.22,10874.18,0.05
Ethereum,2022-12-02,X2Y2,1359,979,1256,54,4044512.64,2321.763858,51.075,175154.5,0.51
Flow,2022-12-02,AeraPack,1,1,1,1,1.0405E-05,1.0405E-05,1.0405E-05,1.0405E-05,1.0405E-05
Flow,2022-12-02,ChainmonstersMarketplace,8,3,8,1,262.89,32.86125,0.525,250,0.32
Flow,2022-12-02,FindMarketSale,25,8,25,1,173,6.92,3,95,2
Flow,2022-12-02,FlovatarMarketplace,38,11,37,2,1063.758595,27.99364723,17.56119802,170.1241059,0.548787438
Flow,2022-12-02,MotoGPNFTStorefront,2,2,2,1,5.48777744,2.74388872,2.74388872,4.126148451,1.361628989
Flow,2022-12-02,NFTStorefront,4644,1278,4512,30,77833.8309,16.76008417,4,1500,0.2
Flow,2022-12-02,NFTStorefrontV2,2314,116,344,6,29577,12.78176318,10,1450,1
Flow,2022-12-02,OffersV2,2675,579,2650,1,34264,12.80897196,1,825,1
Flow,2022-12-02,OlympicPinMarket,28,6,28,1,133,4.75,1,31,1
Flow,2022-12-02,StarlyCardMarket,6,2,6,1,7,1.166666667,1,2,1
Flow,2022-12-02,TheFabricantMarketplace,1,1,1,1,20.85392265,20.85392265,20.85392265,20.85392265,20.85392265
Flow,2022-12-02,TopShotMarketV3,3816,892,3745,1,68092,17.84381551,2,4200,1
Flow,2022-12-02,ZeedzMarketplace,8,6,8,1,2292.473312,286.559164,19.21968596,1500,2.195149753
Gnosis,2022-12-02,Others,58,21,55,3,201.2576234,3.246090699,0.989939122,39.99754029,0.099993851
NEAR,2022-12-02,Mintbase,3,2,3,1,4.806802611,1.602267537,1.643052529,1.643052529,1.520697553
NEAR,2022-12-02,Paras,176,103,130,24,3021.199072,17.16590382,0.981077153,288.4081567,0.01971663
Optimism,2022-12-02,quixotic,2359,1819,2533,94,29149.7892,9.055541846,4.2,256.27,0.01
Polygon,2022-12-02,BitKeep,352,257,3764,37,511520.662,129.564504,182.498646,182.498646,0.921710333
Polygon,2022-12-02,NFTKEY,3,1,3,3,20.27762733,6.759209111,1.843420667,17.51249633,0.921710333
Polygon,2022-12-02,Others,3520,2500,1713,122,115536.3903,32.61896959,36.86841333,5957.935595,0.921710333
Polygon,2022-12-02,PlayDapp,105,34,1616,5,6277.76908,3.884758094,4.608551667,64.51972333,0.921710333
Polygon,2022-12-02,Seaport,599,313,1577,97,22121.048,13.8429587,5.530262,552.1044897,0.921710333
Polygon,2022-12-02,tofuNFT,190,64,3364,16,21350.49816,6.07411043,7.373682667,55.30262,0.921710333
Solana,2022-12-02,CoralCube,94,72,94,24,4118.198468,43.810622,4.851722513,985.2131009,0.095655115
Solana,2022-12-02,Exchange.Art,46,36,46,1,12644.61667,274.8829711,35.26284257,6692.466267,1.358876399
Solana,2022-12-02,Hadeswap,1590,484,1272,90,152085.7242,93.41874949,26.85030923,3009.911225,0.991979772
Solana,2022-12-02,Hyperspace,119,64,118,27,18093.23135,152.0439609,13.58876399,1195.811231,0.013588764
Solana,2022-12-02,Magic Eden,23723,6132,19727,997,1828659.083,77.08380401,10.8710112,7541.764017,0.000135888
Solana,2022-12-02,OpenSea,18,10,18,5,1114.659133,61.92550738,9.104471876,788.1483117,0.95121348
Solana,2022-12-02,Solanart,15,13,15,12,2830.879259,188.7252839,27.17752799,1630.651679,0.407662906
Solana,2022-12-02,Yawww,49,25,6,3,4589.197376,93.65708931,105.9923592,237.8033699,1.358876399
Algorand,2022-12-01,AB2 Gallery,4,4,4,2,495.0289399,123.757235,2.165919869,489.4734167,1.223683542
Algorand,2022-12-01,ALGOxNFT,509,134,468,87,3605.018217,7.082550525,2.44981445,489.4736614,0.019578937
Algorand,2022-12-01,Atomic Swaps,4,4,4,1,577.8233684,144.4558421,19.57893667,538.4207583,0.244736708
Algorand,2022-12-01,Nfdomains,27,18,26,0,959.8573701,35.55027297,20.19077844,189.670949,0.244736708
Algorand,2022-12-01,Rand Gallery,377,145,368,67,14298.70596,37.92760203,12.23708015,856.5784792,0.244736708
Algorand,2022-12-01,Shufl,3,3,3,1,95.69205296,31.89735099,36.71050625,54.33154925,4.649997458
Arbitrum,2022-12-01,Others,154,124,153,20,438967.4715,2795.971156,132.2567138,151345.2758,1.28259E-06
Arbitrum,2022-12-01,Seaport,1616,1450,1800,59,108615.8213,57.59057334,16.6723495,3837.500553,0.012825871
Arbitrum,2022-12-01,Zapper,1,1,1,1,38.4776125,38.4776125,38.4776125,38.4776125,38.4776125
Arbitrum,2022-12-01,tofuNFT,479,302,455,27,7479.905169,15.61566841,16.28885596,480.9701563,0.076955225
Avalanche,2022-12-01,Element,62,61,18,3,4216.507264,68.00818167,74.31483333,162.6513333,0.056086667
Avalanche,2022-12-01,FarmLand,8,7,8,1,2773.485667,346.6857083,311.9820833,518.8016667,200.5098333
Avalanche,2022-12-01,Nifty Protocol,42,19,42,12,1385.130482,32.97929719,17.80751667,364.5633333,0.000140217
Avalanche,2022-12-01,Others,273,152,507,73,46569.12178,81.98789045,18.14403667,3855.958333,0.014021667
Avalanche,2022-12-01,Roostr,9,8,9,1,3217.9725,357.5525,336.52,546.845,224.3466667
Avalanche,2022-12-01,Seaport,11,8,12,9,251.1434738,20.92862282,6.30975,168.26,0.140216667
Avalanche,2022-12-01,chikn,9,7,9,1,15486.93083,1720.770093,1584.448333,2790.311667,1261.95
BSC,2022-12-01,Element,43,31,180,5,90308.64667,482.9339394,297.0679167,2079.475417,297.0679167
BSC,2022-12-01,MarketNG,50,34,49,10,24656.63708,493.1327417,297.0679167,1188.271667,297.0679167
BSC,2022-12-01,Nifty Protocol,9,6,9,2,2673.61125,297.0679167,297.0679167,297.0679167,297.0679167
BSC,2022-12-01,Others,59,42,64,24,46639.66292,656.8966608,297.0679167,4456.01875,297.0679167
BSC,2022-12-01,Seaport,12,6,17,3,10100.30917,594.1358333,594.1358333,891.20375,297.0679167
Ethereum,2022-12-01,Blur,4535,3054,5265,288,2978353.28,348.2639476,38.78,83837.1,0.13
Ethereum,2022-12-01,Larva Labs,3,3,3,1,334043.67,111347.89,85467.42,165967.1,82609.15
Ethereum,2022-12-01,LooksRare,470,323,490,147,4030009.45,7825.261068,131.91,1026014.56,0.01
Ethereum,2022-12-01,NFTX,62,60,111,31,27370.03,246.5768468,30.55,4570.13,2.29
Ethereum,2022-12-01,OpenSea,28315,15314,12022,973,10052588.48,235.9541001,30.7,87692.79,0.01
Ethereum,2022-12-01,Rarible,22,22,21,8,4932.599454,224.2090661,58.14839,891.153906,0.43228
Ethereum,2022-12-01,Sudoswap,334,235,599,64,513655.75,800.086838,136.14,9967.03,0.23
Ethereum,2022-12-01,X2Y2,1757,1252,1736,53,4476055.67,1863.470304,33.95,187282.41,0.39
Flow,2022-12-01,AeraPack,1,1,1,1,1.1376E-05,1.1376E-05,1.1376E-05,1.1376E-05,1.1376E-05
Flow,2022-12-01,AniqueMarket,1,1,1,1,14,14,14,14,14
Flow,2022-12-01,ChainmonstersMarketplace,32,3,32,1,22.03203203,0.688501001,0.25025025,11.11111111,0.2002002
Flow,2022-12-01,FindMarketSale,55,22,55,1,216,3.927272727,3,15,2
Flow,2022-12-01,FlovatarMarketplace,31,15,28,2,330.972584,10.67653497,3.892094359,76.72986022,1.334432352
Flow,2022-12-01,MatrixMarketOpenOffer,33,33,1,1,14.31178697,0.433690514,0.433690514,0.433690514,0.433690514
Flow,2022-12-01,MotoGPNFTStorefront,7,3,7,1,10.45592945,1.493704207,0.964048236,4.131635297,0.765041136
Flow,2022-12-01,NFTStorefront,5409,1788,5204,37,120571.8216,22.2909635,5,9500,0.001112027
Flow,2022-12-01,NFTStorefrontV2,2300,139,352,7,27149.72836,11.80422972,10,160,1
Flow,2022-12-01,OffersV2,2234,522,2206,1,25288,11.31960609,1,1700,1
Flow,2022-12-01,OlympicPinMarket,21,6,19,1,61,2.904761905,1,14,1
Flow,2022-12-01,TheFabricantMarketplace,1,1,1,1,25.57662007,25.57662007,25.57662007,25.57662007,25.57662007
Flow,2022-12-01,TopShotMarketV3,3735,967,3656,1,56303,15.07443106,2,1790,1
Flow,2022-12-01,ZeedzMarketplace,2,2,2,1,87.84188718,43.92094359,43.92094359,77.84188718,10
Gnosis,2022-12-01,Others,18,13,18,2,124.5179454,6.917663635,3.743735594,18.99358513,0.099966238
NEAR,2022-12-01,LandToEmpire,4,3,4,1,1.32557922,0.331394805,0.215191432,0.688612582,0.206583775
NEAR,2022-12-01,Mintbase,7,5,7,5,177.5587542,25.36553632,1.721531455,86.07657273,0.017215315
NEAR,2022-12-01,Others,1,1,1,1,17.0431614,17.0431614,17.0431614,17.0431614,17.0431614
NEAR,2022-12-01,Paras,195,109,119,18,2516.30186,12.90411211,0.036634189,170.431614,0.001721531
NEAR,2022-12-01,TradePort,1,1,1,1,13.60009849,13.60009849,13.60009849,13.60009849,13.60009849
Optimism,2022-12-01,quixotic,2531,2010,2277,96,32329.87086,10.50694536,11.61,228.57,0.13
Polygon,2022-12-01,BitKeep,367,238,1694,45,81798.07905,42.84865325,48.96097158,76.67472908,0.923791917
Polygon,2022-12-01,NFTKEY,6,3,6,3,56.35130692,9.391884486,11.54739896,12.93308683,1.847583833
Polygon,2022-12-01,Others,2550,1473,1500,130,70775.3939,27.57124811,14.78067067,2052.665639,0.923791917
Polygon,2022-12-01,PlayDapp,82,30,1310,5,5454.067476,4.163410287,4.618959583,78.52231292,0.923791917
Polygon,2022-12-01,Seaport,727,362,1561,101,42024.21808,26.56398109,4.618959583,923.7919167,0.923791917
Polygon,2022-12-01,tofuNFT,174,78,2823,17,17754.35685,6.244937336,7.390335333,69.28439375,0.923791917
Solana,2022-12-01,CoralCube,53,41,51,14,1073.215046,20.24934049,3.262975716,220.2768486,0.234555036
Solana,2022-12-01,Exchange.Art,13082,56,13082,2,11885.23655,0.908518311,0.029125698,4212.257855,0.029125698
Solana,2022-12-01,Hadeswap,807,393,701,88,104792.8639,127.0216532,70.63831484,3035.303455,0.922291753
Solana,2022-12-01,Hyperspace,95,51,83,22,5285.858246,55.64061312,1.225133821,1376.417199,0.013765549
Solana,2022-12-01,Magic Eden,25718,6149,19468,1013,1846443.131,71.79575125,8.259329128,13765.54855,0.001376555
Solana,2022-12-01,OpenSea,32,20,32,19,1157.47308,36.17103374,2.340143253,688.2774273,0.385435359
Solana,2022-12-01,Solanart,27,17,27,14,1004.836864,37.21618016,16.51865826,344.1387137,0.137655486
Solana,2022-12-01,Yawww,30,19,4,2,3493.8325,116.4610833,108.610178,357.9042622,57.12702647
