Blockchain,Date,DEX,Swaps,Swappers,Volume,AmountAverage,AmountMedian
Algorand,2022-12-12,Algofi,1389,82,75177.70556,49.52418021,8.150220571
Algorand,2022-12-12,FXDX,13,6,1244.447784,95.72675265,25.07075928
Algorand,2022-12-12,Humble,176,51,29959.78239,170.2260363,56.07314615
Algorand,2022-12-12,Pact,1644,88,61204.33525,34.0213092,4.30884963
Algorand,2022-12-12,Tinyman,11698,1038,670629.1638,57.3285317,3.215872147
Algorand,2022-12-12,WAGMI,6,3,18.39112626,3.065187709,0.077507101
Arbitrum,2022-12-12,1inch Network,4217,1318,10742897.09,2547.521245,499.9083499
Arbitrum,2022-12-12,Camelot,240,158,111812.0576,465.8835731,27.8191275
Arbitrum,2022-12-12,Fraxswap,45,15,33114.90019,735.8866709,248.235793
Arbitrum,2022-12-12,GMX,1230,778,819505.6919,666.2647901,25.45594883
Arbitrum,2022-12-12,Others,7754,2234,11783610.59,1519.681531,154.7633671
Arbitrum,2022-12-12,Rage Trade,202,166,2165.671143,10.72114427,1.552981096
Arbitrum,2022-12-12,Sumswap,21,9,3818.856954,181.8503311,212.8941661
Arbitrum,2022-12-12,SushiSwap,40009,18161,35966924.8,898.9708516,5.712651978
Arbitrum,2022-12-12,Uniswap,24524,10021,16442223.84,670.4544053,1.207197487
Avalanche,2022-12-12,1inch Network,1140,342,1590411.875,1395.098136,298.5336867
Avalanche,2022-12-12,Alligator,1,1,4.488900032,4.488900032,4.488900032
Avalanche,2022-12-12,Alpha Nodes,28,18,1200277.54,42867.055,59795.61419
Avalanche,2022-12-12,Beefy Finance,33,27,3147.4851,95.37833637,18.7526911
Avalanche,2022-12-12,Chainlink,9,5,1622046.79,180227.4211,1132.648048
Avalanche,2022-12-12,Cycle Finance,1,1,5.129144839,5.129144839,5.129144839
Avalanche,2022-12-12,GMX,57,39,250743.4176,4399.007326,40.60391853
Avalanche,2022-12-12,Grape Finance,6,6,0.023867588,0.003977931,0.003378806
Avalanche,2022-12-12,Hakuswap,3,3,9.773474262,3.257824754,2.693550151
Avalanche,2022-12-12,Ihelp Protocol,1,1,2.34E-05,2.34E-05,2.34E-05
Avalanche,2022-12-12,Lydia Finance,31,7,476.2835657,15.36398599,10.12808633
Avalanche,2022-12-12,Others,3803,556,1819396.138,478.4107645,17.17804826
Avalanche,2022-12-12,Pangolin,1219,298,230798.7707,189.3345124,35.48647499
Avalanche,2022-12-12,Partyswap,2,1,0.023315055,0.011657528,0.011657528
Avalanche,2022-12-12,Spore,1,1,1.43E-05,1.43E-05,1.43E-05
Avalanche,2022-12-12,SushiSwap,7385,2621,1828773.165,247.6334685,50.51333306
Avalanche,2022-12-12,Trader Joe,5760,2437,1225768.524,212.8070355,26.8124412
Avalanche,2022-12-12,YakSwap,127,46,329466.6298,2594.225431,300.0746186
Avalanche,2022-12-12,Yetiswap,21,3,217.9251583,10.37738849,8.264915472
BSC,2022-12-12,Biswap,2910,1249,1344348.122,461.9752996,96.72811436
BSC,2022-12-12,Bitvalley,1,1,0.025794678,0.025794678,0.025794678
BSC,2022-12-12,Bodatoken,1,1,1.22E-05,1.22E-05,1.22E-05
BSC,2022-12-12,Brewlabs,2,2,0.710294679,0.35514734,0.35514734
BSC,2022-12-12,Bridge$,1,1,1.843068376,1.843068376,1.843068376
BSC,2022-12-12,Cake Monster,2,2,381.6288123,190.8144062,190.8144062
BSC,2022-12-12,Catcoin,5,5,309.9596511,61.99193021,1.54177809
BSC,2022-12-12,Crypter,1,1,0.941085292,0.941085292,0.941085292
BSC,2022-12-12,Devolution Metaverse,4,4,77.19116767,19.29779192,17.52491838
BSC,2022-12-12,Dogeking,3,3,30.63080287,10.21026762,9.33999205
BSC,2022-12-12,Evereth,2,2,3.680420631,1.840210315,1.840210315
BSC,2022-12-12,Evergrow,1,1,3.786698711,3.786698711,3.786698711
BSC,2022-12-12,Eversafu,1,1,0.00473441,0.00473441,0.00473441
BSC,2022-12-12,FatSwap,437,333,34733.31948,79.48128028,15.79887104
BSC,2022-12-12,Flokimooni,4,1,5.843801072,1.460950268,1.292229288
BSC,2022-12-12,French Connection Finance,1,1,11.93015169,11.93015169,11.93015169
BSC,2022-12-12,Frog Inu,1,1,0.079555159,0.079555159,0.079555159
BSC,2022-12-12,Futura Finance,3,2,10.12383626,3.374612085,4.179323166
BSC,2022-12-12,Grimacecoin,1,1,5.439672252,5.439672252,5.439672252
BSC,2022-12-12,Hamster,11,7,0.191211647,0.017382877,0.011714207
BSC,2022-12-12,Hodl,4,4,85.86201946,21.46550486,5.535941851
BSC,2022-12-12,Jindo Inu,1,1,46.02941113,46.02941113,46.02941113
BSC,2022-12-12,Loop Network,6,4,269.8888662,44.98147769,14.53303396
BSC,2022-12-12,Luckyblock,4,4,6.308444953,1.577111238,0.959345647
BSC,2022-12-12,MDEX,1,1,15.09995455,15.09995455,15.09995455
BSC,2022-12-12,Metacash,1,1,0.038640935,0.038640935,0.038640935
BSC,2022-12-12,Metapets,4,3,0.06822473,0.017056183,0.017056692
BSC,2022-12-12,Nelore Coin,3,3,40.16804097,13.38934699,14.45217263
BSC,2022-12-12,Noachis Terra,1,1,3.509969854,3.509969854,3.509969854
BSC,2022-12-12,Nomiswap,1664,843,4193941.878,2520.397763,201.3082836
BSC,2022-12-12,Orion,10830,27,12345421.46,1139.928113,460.2134614
BSC,2022-12-12,Others,53137,22980,19630316.85,369.4283993,27.53832456
BSC,2022-12-12,PancakeSwap,43974,11705,163255133.9,3712.537723,198.0248498
BSC,2022-12-12,Pantherswap,1,1,0.039340487,0.039340487,0.039340487
BSC,2022-12-12,Phoenixco,1,1,0.116653411,0.116653411,0.116653411
BSC,2022-12-12,Powermade,1,1,12.07897416,12.07897416,12.07897416
BSC,2022-12-12,Reflex Finance,1,1,2.327098097,2.327098097,2.327098097
BSC,2022-12-12,Rewardeum,2,2,0.208592803,0.104296402,0.104296402
BSC,2022-12-12,Safemoon,9,7,789.0081201,87.6675689,87.57302338
BSC,2022-12-12,Safuu,35,27,1904.384071,54.41097347,9.379079576
BSC,2022-12-12,Sanji Inu,2,2,9.052616193,4.526308096,4.526308096
BSC,2022-12-12,Savebee,1,1,2.428535203,2.428535203,2.428535203
BSC,2022-12-12,Saylor Moon,1,1,57.69608881,57.69608881,57.69608881
BSC,2022-12-12,Siamese Neko,1,1,0.028726098,0.028726098,0.028726098
BSC,2022-12-12,Solar Energy,1,1,377.3242892,377.3242892,377.3242892
BSC,2022-12-12,Steam Exchange,1,1,7.23317914,7.23317914,7.23317914
BSC,2022-12-12,SushiSwap,352020,128294,79973655.61,227.184977,36.25522319
BSC,2022-12-12,Titano,1,1,374.9646822,374.9646822,374.9646822
BSC,2022-12-12,Transhuman Coin,1,1,0.867534521,0.867534521,0.867534521
BSC,2022-12-12,Volt Inu,4,4,0.684864188,0.171216047,0.169014365
BSC,2022-12-12,W3Swap,290,201,222977.7715,768.8888674,134.360823
BSC,2022-12-12,Walk With Step,1,1,90.53061227,90.53061227,90.53061227
BSC,2022-12-12,Wegro,1,1,0.028631323,0.028631323,0.028631323
BSC,2022-12-12,Y-5 Finance,4,4,0.404487623,0.101121906,0.121992075
BSC,2022-12-12,Zombie Inu,7,7,52.16323512,7.451890732,4.421020411
BSC,2022-12-12,Zooswap,1161,504,187833.2172,161.7857168,181.1994546
Ethereum,2022-12-12,Balancer,1000,418,170329612.4,122012.6163,3589.16
Ethereum,2022-12-12,Curve,1834,171,160317839.2,77187.21193,11696.87
Ethereum,2022-12-12,SushiSwap,4924,141,12255001.5,2217.698425,482.9717925
Ethereum,2022-12-12,Uniswap,49785,252,584420217.2,9311.095454,534.2571502
Ethereum,2022-12-12,synthetix,17,16,1134681.327,66745.96043,63294.4322
Flow,2022-12-12,BltUsdtSwapPair,16,10,3124.41428,195.2758925,2.222163742
Flow,2022-12-12,FlowSwapPair,218,105,49052.25626,222.9648012,35.10187579
Flow,2022-12-12,FusdUsdtSwapPair,109,58,11985.34933,109.9573333,4.641644385
Flow,2022-12-12,RevvFlowSwapPair,3,3,1054.717879,351.5726264,31.61147564
Flow,2022-12-12,StarlyUsdtSwapPair,131,5,12630.6678,96.41731143,74.53455502
Flow,2022-12-12,SwapPair,60,13,11635.46136,159.3898816,0.866407511
Flow,2022-12-12,UsdcUsdtSwapPair,92,54,26883.6206,285.9959639,61.534987
Gnosis,2022-12-12,Elk,6,4,61.62965983,10.27160997,0.424755814
Gnosis,2022-12-12,Others,117,34,17292.11278,147.7958358,51.82890979
Gnosis,2022-12-12,SushiSwap,1334,201,105584.1894,79.14856779,1.399728381
Gnosis,2022-12-12,Uniswap,536,91,6136.952862,11.44953892,2.645924196
NEAR,2022-12-12,Jumbo,5,2,117.1294101,19.52156835,6.872732338
NEAR,2022-12-12,Others,1133,256,534129.2416,391.3034737,30.76665084
NEAR,2022-12-12,Ref Finance,454,33,1741328.284,3092.945442,528.116301
Optimism,2022-12-12,Balancer,58,41,250184.3548,4313.523358,64.65844447
Optimism,2022-12-12,Beefy Finance,26,18,86.1420078,3.313154146,0.08080502
Optimism,2022-12-12,Brahma,1,1,240.1217708,240.1217708,240.1217708
Optimism,2022-12-12,Defi Saver,3,3,1304.724543,434.9081811,147.5833356
Optimism,2022-12-12,Elk Finance,9,7,56.71167641,6.301297379,4.617754703
Optimism,2022-12-12,Frax Finance,2,2,0.252443635,0.126221817,0.126221817
Optimism,2022-12-12,Gnosis Safe,80,41,4074.438146,50.93047682,2.272850955
Optimism,2022-12-12,Homora V2,15,10,21552.51051,1436.834034,1.90E-14
Optimism,2022-12-12,Kyberswap,8,1,5062.274321,632.7842901,682.953125
Optimism,2022-12-12,Nex,1,1,30.25749812,30.25749812,30.25749812
Optimism,2022-12-12,Others,2039,331,2257307.896,1107.066158,425.9144468
Optimism,2022-12-12,Overnight,30,3,21386.0587,712.8686234,643.3000287
Optimism,2022-12-12,ParaSwap,16,14,1707.434102,106.7146314,3.093188472
Optimism,2022-12-12,Perpetual Protocol,10,2,5.749174893,0.574917489,0.45070085
Optimism,2022-12-12,Radioshack Swap,9,3,1770.876743,196.7640826,196.1911326
Optimism,2022-12-12,Reaper Farm,3,2,8020.47472,2673.491573,2864.192896
Optimism,2022-12-12,Rubicon,487,6,25738.49997,52.8511293,22.25528268
Optimism,2022-12-12,SushiSwap,3834,2320,1741917.379,454.3342146,29.9712855
Optimism,2022-12-12,Thales,5,1,1500.655295,300.1310589,300.732807
Optimism,2022-12-12,Uniswap,21975,10012,4365215.712,198.6446286,24.99960694
Optimism,2022-12-12,Velodrome,14959,3751,29978909.67,2004.071774,0.804126564
Optimism,2022-12-12,Zipswap,11,10,2455.155464,223.1959512,0.156862027
Osmosis,2022-12-12,Osmosis,18465,5117,6284015.156,340.2650615,13.52521149
Polygon,2022-12-12,Apeswap,182,49,11482.1818,63.08891101,27.3108853
Polygon,2022-12-12,Cafeswap,4,3,8.23804836,2.05951209,2.02302854
Polygon,2022-12-12,Dfyn Network,131,46,30989.79811,236.5633443,32.59050527
Polygon,2022-12-12,Kyberswap,411,4,229052.316,557.304905,451.9010052
Polygon,2022-12-12,Nftismus,1,1,114.4810903,114.4810903,114.4810903
Polygon,2022-12-12,Others,9915,1826,15007859.82,1513.652024,20.56307461
Polygon,2022-12-12,Polycat,6,2,14.50200605,2.417001008,0.000856637
Polygon,2022-12-12,Quickswap,7466,1281,1508287.701,202.0208546,42.95653689
Polygon,2022-12-12,SushiSwap,48186,16936,21513844.72,446.4750076,10.02164231
Polygon,2022-12-12,Uniswap,8611,3704,7579239.286,880.1810807,24.81042202
Solana,2022-12-12,Jupiter,97752,4373,6261833.047,64.05836246,1.017094857
Solana,2022-12-12,Orca,2116,435,338957.6949,160.1879466,4.008310656
Solana,2022-12-12,Raydium,3298,1045,329438.4515,99.8903734,17.90636593
Solana,2022-12-12,Saber,99,20,76839.06456,776.1521673,30.33457814
THORChain,2022-12-12,THORChain,12003,305,12476813.61,651.8370834,413.6863595
Algorand,2022-12-13,Algofi,1576,81,60139.8694,34.86369241,4.664292468
Algorand,2022-12-13,FXDX,15,6,1211.387391,80.75915943,24.21951539
Algorand,2022-12-13,Humble,161,40,41367.19327,256.9390887,328.5601143
Algorand,2022-12-13,Pact,1453,85,70360.42097,44.36344324,5.162839116
Algorand,2022-12-13,Tinyman,12285,1022,594301.8223,48.37621671,2.189973333
Algorand,2022-12-13,WAGMI,1,1,8.720260291,8.720260291,8.720260291
Arbitrum,2022-12-13,1inch Network,4857,1480,10276912.42,2115.897141,501.0346171
Arbitrum,2022-12-13,Camelot,461,232,335928.7606,728.6957931,48.54801195
Arbitrum,2022-12-13,Fraxswap,56,17,27003.51115,482.2055562,255.8601492
Arbitrum,2022-12-13,GMX,1713,945,2360780.213,1378.155407,46.25289043
Arbitrum,2022-12-13,Others,10558,2139,20742356.43,1964.610383,635.7657775
Arbitrum,2022-12-13,Rage Trade,71,63,2122.801188,29.89860828,1.701726074
Arbitrum,2022-12-13,Sumswap,13,7,2189.318847,168.4091421,212.8236586
Arbitrum,2022-12-13,SushiSwap,33122,11802,51146728.25,1544.192025,7.941037035
Arbitrum,2022-12-13,Uniswap,31971,10058,27737028.96,867.568389,0.100206923
Avalanche,2022-12-13,1inch Network,2218,447,6344753.361,2860.574103,522.2243188
Avalanche,2022-12-13,Alpha Nodes,24,11,1105291.588,46053.81616,68297.17544
Avalanche,2022-12-13,Beefy Finance,34,29,7635.990703,224.5879619,22.12052909
Avalanche,2022-12-13,Chainlink,12,5,2074659.998,172888.3332,1131.090504
Avalanche,2022-12-13,Cycle Finance,1,1,5.305634877,5.305634877,5.305634877
Avalanche,2022-12-13,GMX,98,67,147514.9585,1505.254678,115.8873195
Avalanche,2022-12-13,Grape Finance,4,3,502.6512351,125.6628088,2.094635047
Avalanche,2022-12-13,Hakuswap,4,4,74.69502862,18.67375715,3.918292723
Avalanche,2022-12-13,Ihelp Protocol,1,1,2.32E-05,2.32E-05,2.32E-05
Avalanche,2022-12-13,Lydia Finance,29,7,646.5848759,22.2960302,6.855376524
Avalanche,2022-12-13,Others,3889,613,3574358.048,919.094381,162.3407572
Avalanche,2022-12-13,Pangolin,1612,338,438382.3015,271.9493185,87.72831518
Avalanche,2022-12-13,SushiSwap,8091,2493,4107642.053,507.6803921,82.54477493
Avalanche,2022-12-13,Trader Joe,6436,2397,1973505.446,306.6354017,42.29084208
Avalanche,2022-12-13,YakSwap,205,69,356876.7488,1740.862189,499.2924446
Avalanche,2022-12-13,Yetiswap,47,6,265.0930712,5.64027811,5.870101472
Avalanche,2022-12-13,Yieldwolf,7,6,5.212648714,0.744664102,0.729621977
BSC,2022-12-13,Biswap,3909,1476,3264523.841,835.1301718,199.9769613
BSC,2022-12-13,Brewlabs,2,2,56.50134283,28.25067142,28.25067142
BSC,2022-12-13,Bridge$,1,1,1.779006958,1.779006958,1.779006958
BSC,2022-12-13,Cake Monster,2,2,405.346141,202.6730705,202.6730705
BSC,2022-12-13,Catcoin,6,6,71.53906549,11.92317758,2.083445689
BSC,2022-12-13,Cryogen,1,1,0.461754082,0.461754082,0.461754082
BSC,2022-12-13,Crypter,2,2,1.315393296,0.657696648,0.657696648
BSC,2022-12-13,Crypto Chip Token,1,1,0.995600389,0.995600389,0.995600389
BSC,2022-12-13,Devolution Metaverse,2,2,37.42810079,18.71405039,18.71405039
BSC,2022-12-13,Doge Floki,2,2,14.36999411,7.184997055,7.184997055
BSC,2022-12-13,Dogeking,5,5,125.990328,25.1980656,9.070362711
BSC,2022-12-13,Dyor,1,1,6.810964643,6.810964643,6.810964643
BSC,2022-12-13,Ecoin Finance,1,1,1.354669454,1.354669454,1.354669454
BSC,2022-12-13,Ecole,1,1,0.121655539,0.121655539,0.121655539
BSC,2022-12-13,Evereth,2,2,0.18675317,0.093376585,0.093376585
BSC,2022-12-13,Evergrow,1,1,0.02562824,0.02562824,0.02562824
BSC,2022-12-13,Eversafu,3,3,0.948250248,0.316083416,0.433682405
BSC,2022-12-13,Face Meta,1,1,4.383233945,4.383233945,4.383233945
BSC,2022-12-13,FatSwap,666,412,51837.80059,77.83453542,12.08615688
BSC,2022-12-13,Frog Inu,1,1,6.983594743,6.983594743,6.983594743
BSC,2022-12-13,Futura Finance,4,2,11.34969011,2.837422526,2.834159144
BSC,2022-12-13,Grimacecoin,1,1,3.729466915,3.729466915,3.729466915
BSC,2022-12-13,Hamster,27,27,1.423028655,0.052704765,0.017153412
BSC,2022-12-13,Hodl,10,10,60.31065129,6.031065129,5.83801358
BSC,2022-12-13,Income Island,1,1,6.30430271,6.30430271,6.30430271
BSC,2022-12-13,Kaiken Shiba,1,1,0.0020187,0.0020187,0.0020187
BSC,2022-12-13,King Shiba,2,2,1394.689559,697.3447795,697.3447795
BSC,2022-12-13,Kingdom Swap 2.0,2,2,0.976760395,0.488380198,0.488380198
BSC,2022-12-13,Lil Floki,1,1,0.000310443,0.000310443,0.000310443
BSC,2022-12-13,Loop Network,9,5,433.205542,48.13394911,38.85137286
BSC,2022-12-13,Luckyblock,3,3,5.725776929,1.90859231,1.767012978
BSC,2022-12-13,MDEX,4,4,555.3598247,138.8399562,8.000422821
BSC,2022-12-13,Metacash,1,1,0.107995357,0.107995357,0.107995357
BSC,2022-12-13,Metapets,4,4,0.065688979,0.016422245,0.016424315
BSC,2022-12-13,Nelore Coin,4,4,85.23765106,21.30941277,15.66788124
BSC,2022-12-13,Noachis Terra,2,2,6.979370308,3.489685154,3.489685154
BSC,2022-12-13,Nomiswap,2287,1174,20544086.82,8982.985057,261.5057189
BSC,2022-12-13,Orion,17120,27,20567588.79,1201.37785,470.2053596
BSC,2022-12-13,Others,57627,22233,31375557.24,544.4593201,51.00806949
BSC,2022-12-13,PancakeSwap,64184,13474,171431595.3,2670.939725,262.6776065
BSC,2022-12-13,Phoenixco,3,3,0.3437007,0.1145669,0.115047897
BSC,2022-12-13,Pumpeth,1,1,17.18290844,17.18290844,17.18290844
BSC,2022-12-13,Safemoon,19,14,1621.896658,85.36298198,86.3578317
BSC,2022-12-13,Safuu,38,33,4961.579074,130.5678704,36.05820618
BSC,2022-12-13,Sanji Inu,1,1,53.84165685,53.84165685,53.84165685
BSC,2022-12-13,Savebee,1,1,1.168504073,1.168504073,1.168504073
BSC,2022-12-13,Shiba Heist,1,1,0.026443053,0.026443053,0.026443053
BSC,2022-12-13,Shield Coin,1,1,0.004245362,0.004245362,0.004245362
BSC,2022-12-13,Sparklab,1,1,0.000117923,0.000117923,0.000117923
BSC,2022-12-13,Standard In Gold,1,1,0.708281443,0.708281443,0.708281443
BSC,2022-12-13,Steam Exchange,1,1,6.755943058,6.755943058,6.755943058
BSC,2022-12-13,SushiSwap,413884,143224,116147546.5,280.6282594,33.03928082
BSC,2022-12-13,Token Bank Exchange,1,1,0.850267892,0.850267892,0.850267892
BSC,2022-12-13,Transhuman Coin,1,1,3.03447643,3.03447643,3.03447643
BSC,2022-12-13,Tripcandy,1,1,43.55117608,43.55117608,43.55117608
BSC,2022-12-13,Volt Inu,1,1,7.285214156,7.285214156,7.285214156
BSC,2022-12-13,W3Swap,501,322,300734.1974,600.2678591,145.4079228
BSC,2022-12-13,Walk With Step,1,1,305.7061578,305.7061578,305.7061578
BSC,2022-12-13,Y-5 Finance,13,10,0.52527404,0.040405695,0.003552715
BSC,2022-12-13,Zombie Inu,9,9,36.78620444,4.087356049,0.898154985
BSC,2022-12-13,Zooswap,1475,659,201633.3083,136.700548,62.33011528
BSC,2022-12-13,Zufinance,1,1,0.021461847,0.021461847,0.021461847
BSC,2022-12-13,Zuna,1,1,32.07734923,32.07734923,32.07734923
Ethereum,2022-12-13,Balancer,1515,674,385064887.4,167784.2647,6076.37
Ethereum,2022-12-13,Curve,2596,216,263399407.7,87887.69024,11840.44
Ethereum,2022-12-13,SushiSwap,5883,150,14178655.58,2153.828889,575.8185076
Ethereum,2022-12-13,Uniswap,57487,271,1565428916,21208.9001,782.9891554
Ethereum,2022-12-13,synthetix,50,33,5969819.846,119396.3969,80902.0234
Flow,2022-12-13,BltUsdtSwapPair,19,8,3620.396228,190.5471699,6.717404659
Flow,2022-12-13,FlowSwapPair,220,104,75009.54235,339.4096939,61.86034698
Flow,2022-12-13,FusdUsdtSwapPair,101,61,14062.28612,139.2305556,6.69645034
Flow,2022-12-13,RevvFlowSwapPair,4,3,1260.003291,315.0008227,315.7446299
Flow,2022-12-13,StarlyUsdtSwapPair,45,7,2512.942094,55.84315765,56.48500459
Flow,2022-12-13,SwapPair,38,1,18.79184309,0.494522187,0.428361342
Gnosis,2022-12-13,Elk,19,6,280.2273037,14.74880546,0.127106975
Gnosis,2022-12-13,Others,294,39,64942.79243,220.8938518,145.3804053
Gnosis,2022-12-13,SushiSwap,2335,203,141787.8829,60.72286204,1.152843036
Gnosis,2022-12-13,Uniswap,941,72,18519.67156,19.68084119,2.522651956
NEAR,2022-12-13,Jumbo,23,1,1807.134186,78.57105156,81.77077961
NEAR,2022-12-13,Others,1296,208,802605.8786,525.6096127,35.74383352
NEAR,2022-12-13,Ref Finance,905,29,2507063.151,2164.994085,531.7540197
Optimism,2022-12-13,Balancer,47,39,139868.3118,2975.921529,68.32874197
Optimism,2022-12-13,Beefy Finance,36,33,79.00590488,2.194608469,0.075283205
Optimism,2022-12-13,Beethoven X,3,1,93259.22285,31086.40762,31086.40762
Optimism,2022-12-13,Biconomy,2,2,6989.074337,3494.537169,3494.537169
Optimism,2022-12-13,Defi Saver,3,3,200.4299585,66.80998616,66.77645397
Optimism,2022-12-13,Elk Finance,8,5,405.6262355,50.70327944,1.930226079
Optimism,2022-12-13,Frax Finance,2,1,2.399750237,1.199875118,1.199875118
Optimism,2022-12-13,Gnosis Safe,125,44,411.5060738,3.292048591,1.989810564
Optimism,2022-12-13,Homora V2,37,19,152292.6139,4116.016593,0.059091137
Optimism,2022-12-13,Kyberswap,109,1,117518.3645,1078.150133,999.6301492
Optimism,2022-12-13,Nuke Vaults,1,1,1.514305726,1.514305726,1.514305726
Optimism,2022-12-13,Others,2983,374,3657923.112,1226.256491,526.8050886
Optimism,2022-12-13,Overnight,50,5,111339.4275,2226.78855,877.1963547
Optimism,2022-12-13,ParaSwap,14,11,1737.634699,124.1167642,0.299889045
Optimism,2022-12-13,Perpetual Protocol,39,2,42.81788474,1.097894481,0.463091902
Optimism,2022-12-13,Radioshack Swap,20,2,1947.60909,97.38045452,36.565538
Optimism,2022-12-13,Reaper Farm,2,2,5183.726107,2591.863054,2591.863054
Optimism,2022-12-13,Rubicon,635,6,108198.9714,170.392081,21.98086735
Optimism,2022-12-13,SushiSwap,4497,2227,3590542.881,798.4307052,90.60219007
Optimism,2022-12-13,Thales,5,1,1498.697579,299.7395157,296.4052349
Optimism,2022-12-13,Uniswap,26064,10677,6662307.068,255.6133774,26.50217249
Optimism,2022-12-13,Velodrome,20771,4028,54723332.94,2634.602712,0.924817829
Optimism,2022-12-13,Zipswap,11,10,183.4772031,16.67974574,1.661174451
Osmosis,2022-12-13,Osmosis,18307,4919,6178567.968,337.4791331,22.35529393
Polygon,2022-12-13,Apeswap,197,54,19612.66217,99.55666075,25.39146715
Polygon,2022-12-13,Cafeswap,7,2,17.18494497,2.454992138,2.031317372
Polygon,2022-12-13,Dfyn Network,169,61,38621.40554,228.5290269,50.2868155
Polygon,2022-12-13,Kyberswap,624,3,335919.6328,538.3327448,298.7037407
Polygon,2022-12-13,Others,13316,1860,27839450.24,2090.676647,43.05810856
Polygon,2022-12-13,Polycat,3,2,14.64262158,4.880873858,7.208267381
Polygon,2022-12-13,Quickswap,7178,1238,1111140.872,154.7981153,39.06379514
Polygon,2022-12-13,SushiSwap,88064,32758,40685961.25,462.0044655,0.024241757
Polygon,2022-12-13,Uniswap,9407,4461,11737483.6,1247.7393,28.72282764
Solana,2022-12-13,Jupiter,202280,4887,11933297.75,58.99395763,1.000943647
Solana,2022-12-13,Orca,2816,484,779978.1103,276.980863,10.15622511
Solana,2022-12-13,Raydium,3060,1125,325455.1267,106.3578845,24.28657523
Solana,2022-12-13,Saber,186,20,236837.0314,1273.317373,26.47960457
THORChain,2022-12-13,THORChain,17336,462,20033071.55,702.7421878,416.5423419
Algorand,2022-12-14,Algofi,571,54,30904.81295,50.5807086,6.691070019
Algorand,2022-12-14,FXDX,11,4,1017.955757,92.54143247,138.943934
Algorand,2022-12-14,Humble,104,28,22184.39194,213.3114609,67.073597
Algorand,2022-12-14,Pact,825,56,35955.15139,40.39904651,5.177456447
Algorand,2022-12-14,Tinyman,7048,964,314454.0376,44.61606663,1.882145123
Arbitrum,2022-12-14,1inch Network,3895,1493,5352501.79,1374.198149,132.1923228
Arbitrum,2022-12-14,Camelot,630,244,138154.8471,219.2934081,35.05763474
Arbitrum,2022-12-14,Fraxswap,55,6,21107.15252,383.7664094,260.4906254
Arbitrum,2022-12-14,GMX,1627,867,3227486.367,1983.703975,28.47304189
Arbitrum,2022-12-14,Layer2dao,1,1,44945.38977,44945.38977,44945.38977
Arbitrum,2022-12-14,Others,10845,1685,19212537.66,1771.557184,868.0203744
Arbitrum,2022-12-14,Rage Trade,41,37,516.3718164,12.59443455,4.496524696
Arbitrum,2022-12-14,Sumswap,31,13,25105.66881,809.8602841,33.18000296
Arbitrum,2022-12-14,SushiSwap,30540,12295,23027070.19,753.9970594,2.679978
Arbitrum,2022-12-14,Uniswap,21435,7706,21014422.74,980.3789477,0.901352336
Avalanche,2022-12-14,1inch Network,1405,344,1821562.241,1296.485581,502.5431601
Avalanche,2022-12-14,Alpha Nodes,49,30,2877208.909,58718.54916,69129.19369
Avalanche,2022-12-14,Beefy Finance,38,32,23746.97111,624.9202923,11.26376479
Avalanche,2022-12-14,Chainlink,3,3,30.50957453,10.16985818,12.86687371
Avalanche,2022-12-14,Cycle Finance,1,1,5.525720488,5.525720488,5.525720488
Avalanche,2022-12-14,GMX,87,50,825710.0788,9490.920447,89.32586722
Avalanche,2022-12-14,Grape Finance,6,4,51.55280406,8.592134009,1.235741342
Avalanche,2022-12-14,Hakuswap,5,5,56.45511368,11.29102274,3.559024006
Avalanche,2022-12-14,Ihelp Protocol,1,1,2.23E-05,2.23E-05,2.23E-05
Avalanche,2022-12-14,Lydia Finance,32,9,463.1943782,14.47482432,6.224978717
Avalanche,2022-12-14,Others,3995,580,5694682.775,1425.452509,76.23929213
Avalanche,2022-12-14,Pangolin,1477,322,457348.8485,309.6471554,86.63860673
Avalanche,2022-12-14,SushiSwap,6648,2415,1804362.531,271.4143398,51.47328295
Avalanche,2022-12-14,Trader Joe,13182,8089,1515890.907,114.9970344,0.99912286
Avalanche,2022-12-14,YakSwap,174,50,306714.6873,1762.728088,502.0045592
Avalanche,2022-12-14,Yetiswap,48,3,236.2494429,4.921863394,4.05196
Avalanche,2022-12-14,Yieldwolf,1,1,0.0244999,0.0244999,0.0244999
BSC,2022-12-14,Biswap,2920,1346,1511562.532,517.6584015,91.47938473
BSC,2022-12-14,Bodatoken,1,1,0.054051225,0.054051225,0.054051225
BSC,2022-12-14,Cake Monster,5,5,208.7719605,41.75439211,1.729464248
BSC,2022-12-14,Catcoin,5,5,102.253191,20.4506382,6.973344747
BSC,2022-12-14,Cerberus,1,1,7.43E-10,7.43E-10,7.43E-10
BSC,2022-12-14,Clear Water,1,1,6.406795775,6.406795775,6.406795775
BSC,2022-12-14,Crypter,1,1,0.019066285,0.019066285,0.019066285
BSC,2022-12-14,Crypto Chip Token,1,1,1.703550026,1.703550026,1.703550026
BSC,2022-12-14,Dexira,1,1,139.2058838,139.2058838,139.2058838
BSC,2022-12-14,Doge Floki,3,3,21.78328148,7.261093828,7.247021015
BSC,2022-12-14,Dogeking,4,4,81.89232164,20.47308041,21.56822452
BSC,2022-12-14,Empire,1,1,11.75951907,11.75951907,11.75951907
BSC,2022-12-14,Evereth,4,2,4.822851743,1.205712936,0.228581982
BSC,2022-12-14,Evergrow,3,3,4.825150288,1.608383429,1.132629932
BSC,2022-12-14,Eversafu,2,2,0.023395397,0.011697698,0.011697698
BSC,2022-12-14,FatSwap,441,286,33213.60694,75.31430145,16.23493863
BSC,2022-12-14,Firstonthemoon,1,1,2.569374074,2.569374074,2.569374074
BSC,2022-12-14,Flokimooni,1,1,5.77728113,5.77728113,5.77728113
BSC,2022-12-14,French Connection Finance,1,1,11.43036767,11.43036767,11.43036767
BSC,2022-12-14,Frog Inu,1,1,11.96988193,11.96988193,11.96988193
BSC,2022-12-14,Futura Finance,3,2,9.691632718,3.230544239,4.001057844
BSC,2022-12-14,Goblin,1,1,9.30E-05,9.30E-05,9.30E-05
BSC,2022-12-14,Hamster,8,8,0.650559575,0.081319947,0.011675994
BSC,2022-12-14,Hodl,12,12,76.96515126,6.413762605,5.012006698
BSC,2022-12-14,Librium Tech,1,1,1.018650872,1.018650872,1.018650872
BSC,2022-12-14,Loop Network,5,4,461.3741368,92.27482737,48.67362603
BSC,2022-12-14,Luckyblock,4,4,7.214866113,1.803716528,2.188406554
BSC,2022-12-14,MDEX,2,2,14.94863819,7.474319096,7.474319096
BSC,2022-12-14,Meta Tigr,1,1,108.3777396,108.3777396,108.3777396
BSC,2022-12-14,Metacash,1,1,0.006652867,0.006652867,0.006652867
BSC,2022-12-14,Metapets,6,4,0.09971677,0.016619462,0.016611686
BSC,2022-12-14,Minifloki,1,1,1.006726311,1.006726311,1.006726311
BSC,2022-12-14,Moorex,3,2,0.125150057,0.041716686,0.048094835
BSC,2022-12-14,Nelore Coin,2,2,57.17780227,28.58890113,28.58890113
BSC,2022-12-14,Nomiswap,1593,758,9018733.846,5661.477618,200.8683686
BSC,2022-12-14,Orion,6587,27,7618714.555,1156.628899,464.8580359
BSC,2022-12-14,Others,52541,22000,22027485.24,419.243738,50.05508497
BSC,2022-12-14,PancakeSwap,52075,11872,129186293.5,2480.77376,235.5817399
BSC,2022-12-14,Pantherswap,1,1,0.03942585,0.03942585,0.03942585
BSC,2022-12-14,Phoenixco,4,4,0.451569573,0.112892393,0.114190071
BSC,2022-12-14,Powermade,2,2,11.12311492,5.561557459,5.561557459
BSC,2022-12-14,Pumpeth,1,1,0.000936631,0.000936631,0.000936631
BSC,2022-12-14,Reflex Finance,1,1,236.5971419,236.5971419,236.5971419
BSC,2022-12-14,Restore Truth,1,1,6.642160301,6.642160301,6.642160301
BSC,2022-12-14,Riseupv2,1,1,70.23209929,70.23209929,70.23209929
BSC,2022-12-14,Safemoon,10,10,18815.49658,1881.549658,87.57220849
BSC,2022-12-14,Safuu,14,14,871.5586807,62.25419148,17.906976
BSC,2022-12-14,Sanji Inu,2,2,2.040053495,1.020026748,1.020026748
BSC,2022-12-14,Saylor Moon,1,1,56.58075938,56.58075938,56.58075938
BSC,2022-12-14,Shield Network,1,1,0.110431484,0.110431484,0.110431484
BSC,2022-12-14,Sonar Platform,1,1,101.0125468,101.0125468,101.0125468
BSC,2022-12-14,Starship,1,1,398.9164232,398.9164232,398.9164232
BSC,2022-12-14,Steam Exchange,1,1,6.566676091,6.566676091,6.566676091
BSC,2022-12-14,Stepd,1,1,1.125847135,1.125847135,1.125847135
BSC,2022-12-14,SushiSwap,388279,140167,87707591.87,225.8880647,32.85565825
BSC,2022-12-14,Tarp,1,1,688.7489922,688.7489922,688.7489922
BSC,2022-12-14,Transhuman Coin,1,1,2.457407073,2.457407073,2.457407073
BSC,2022-12-14,Volt Inu,1,1,1.076728026,1.076728026,1.076728026
BSC,2022-12-14,Volt Inu (Volt),1,1,5104.056068,5104.056068,5104.056068
BSC,2022-12-14,W3Swap,683,431,437075.4119,639.9347173,138.0006002
BSC,2022-12-14,Walk With Step,1,1,129.0066074,129.0066074,129.0066074
BSC,2022-12-14,Wolf Pups,1,1,79.23867673,79.23867673,79.23867673
BSC,2022-12-14,Y-5 Finance,13,13,0.066764813,0.005135755,0.005088715
BSC,2022-12-14,Zombie Inu,11,11,18.69145628,1.699223298,0.703219354
BSC,2022-12-14,Zooswap,1334,610,195941.9773,146.8830414,122.2632733
Ethereum,2022-12-14,Balancer,983,472,158508465,116894.1483,3606.92
Ethereum,2022-12-14,Curve,1699,179,183657382.4,90874.50886,10016.74
Ethereum,2022-12-14,SushiSwap,5201,150,10890208.73,1874.067927,490.6313272
Ethereum,2022-12-14,Uniswap,50005,260,881184300.1,13833.78285,599.675495
Ethereum,2022-12-14,synthetix,48,34,4410153.71,91878.20229,82285.92792
Flow,2022-12-14,BltUsdtSwapPair,25,23,5430.995116,217.2398047,18.70135099
Flow,2022-12-14,FlowSwapPair,202,122,59725.69394,291.3448485,53.54010362
Flow,2022-12-14,FusdUsdtSwapPair,114,73,19224.4986,168.6359526,24.69982176
Flow,2022-12-14,StarlyUsdtSwapPair,39,4,2358.966041,60.48630874,55.70026255
Flow,2022-12-14,SwapPair,24,5,3505.776367,97.38267686,0.43629907
Flow,2022-12-14,UsdcUsdtSwapPair,81,50,30832.03619,367.0480499,58.59215642
Gnosis,2022-12-14,Elk,4,4,127.7640967,31.94102418,12.01762231
Gnosis,2022-12-14,Others,201,34,47868.01809,238.1493437,119.0685667
Gnosis,2022-12-14,SushiSwap,1633,220,97177.08592,59.50831961,1.175441421
Gnosis,2022-12-14,Uniswap,541,70,13232.58848,24.45949811,0.994099013
NEAR,2022-12-14,Jumbo,12,1,655.1186087,54.59321739,12.70238303
NEAR,2022-12-14,Others,1231,211,833512.0988,583.6919459,34.67317463
NEAR,2022-12-14,Ref Finance,497,37,2206176.396,3918.608164,608.6024736
Optimism,2022-12-14,Balancer,48,46,87882.58105,1830.887105,70.04347752
Optimism,2022-12-14,Beefy Finance,35,31,179.1174455,5.117641299,0.150033611
Optimism,2022-12-14,Diamond Protocol,1,1,11.05037108,11.05037108,11.05037108
Optimism,2022-12-14,Elk Finance,7,3,120.275422,17.18220314,1.205837805
Optimism,2022-12-14,Gnosis Safe,51,30,236.3637964,4.634584244,1.326193654
Optimism,2022-12-14,Homora V2,30,22,51845.61174,1728.187058,0.102524921
Optimism,2022-12-14,Iron Bank,1,1,299.9106223,299.9106223,299.9106223
Optimism,2022-12-14,Kyberswap,93,1,119261.6321,1282.383141,1399.666128
Optimism,2022-12-14,Nex,4,1,439.0412009,109.7603002,133.1308039
Optimism,2022-12-14,Nuke Vaults,1,1,0.581996173,0.581996173,0.581996173
Optimism,2022-12-14,Others,2509,405,3435348.268,1369.21015,405.13
Optimism,2022-12-14,Overnight,35,4,25937.00234,741.0572097,643.0243673
Optimism,2022-12-14,ParaSwap,12,10,14224.31489,1185.359574,0.49988076
Optimism,2022-12-14,Perpetual Protocol,61,3,14851.27004,243.4634433,178.1780143
Optimism,2022-12-14,Radioshack Swap,5,2,1345.050227,269.0100455,240.8636821
Optimism,2022-12-14,Rubicon,527,6,45092.82004,85.56512342,22.27154342
Optimism,2022-12-14,SushiSwap,5149,2695,3627753.201,704.554904,62.49246406
Optimism,2022-12-14,Symphony Finance,1,1,1.00E-06,1.00E-06,1.00E-06
Optimism,2022-12-14,Thales,4,1,1207.98597,301.9964925,301.8064899
Optimism,2022-12-14,Uniswap,32323,13749,6451771.789,199.6031244,29.9928456
Optimism,2022-12-14,Velodrome,22776,4661,57164623.42,2509.862286,0.257728022
Optimism,2022-12-14,Zipswap,18,17,7.499234078,0.416624115,0.179057265
Osmosis,2022-12-14,Osmosis,1909,588,852995.5886,444.9637916,24.2669962
Polygon,2022-12-14,Apeswap,204,58,21737.80312,106.5578584,29.32110847
Polygon,2022-12-14,Cafeswap,6,3,18.70802185,3.118003641,2.022145412
Polygon,2022-12-14,Dfyn Network,170,53,31668.90038,186.2876493,32.84962482
Polygon,2022-12-14,Kyberswap,882,3,436549.5425,494.9541298,288.7841959
Polygon,2022-12-14,Others,11271,1432,21875497.22,1940.865692,46.27154725
Polygon,2022-12-14,Polycat,5,2,14.62581227,2.925162453,0.000899705
Polygon,2022-12-14,Quickswap,6755,1333,835494.7506,123.6853813,29.74522819
Polygon,2022-12-14,SushiSwap,64107,24446,30717295.29,479.1566489,2.224077864
Polygon,2022-12-14,Sushiswap,1,1,1.420627296,1.420627296,1.420627296
Polygon,2022-12-14,Uniswap,8771,4222,9186791.968,1047.405309,26.00984131
Solana,2022-12-14,Jupiter,176932,4998,14825532.45,83.79226172,1.002294534
Solana,2022-12-14,Orca,2549,458,729523.5017,286.199883,10.99919704
Solana,2022-12-14,Raydium,3061,1062,293453.9993,95.86867014,17.30750181
Solana,2022-12-14,Saber,109,24,1617931.918,14843.41209,39.5336401
THORChain,2022-12-14,THORChain,19247,532,22933643.51,791.3883679,437.3123517
Algorand,2022-12-15,Algofi,1413,65,70686.61319,47.28201551,4.839707107
Algorand,2022-12-15,FXDX,43,12,25383.93064,590.3239683,160.2788942
Algorand,2022-12-15,Humble,244,38,68495.47148,280.7191454,332.0887025
Algorand,2022-12-15,Pact,1507,70,64999.43337,38.89852386,4.709111597
Algorand,2022-12-15,Tinyman,10037,910,573027.082,57.09146976,2.438103279
Arbitrum,2022-12-15,1inch Network,2868,1157,2818322.774,982.6787914,98.12666902
Arbitrum,2022-12-15,Camelot,386,165,119891.817,310.6005622,63.03117844
Arbitrum,2022-12-15,Fraxswap,15,10,15628.07099,1041.871399,977.2778149
Arbitrum,2022-12-15,GMX,1379,698,1218128.906,883.3422086,26.46238684
Arbitrum,2022-12-15,Layer2dao,1,1,19231.05682,19231.05682,19231.05682
Arbitrum,2022-12-15,Nitroshiba,1,1,124.1878127,124.1878127,124.1878127
Arbitrum,2022-12-15,Others,10268,2300,12001632.42,1168.838373,367.9857529
Arbitrum,2022-12-15,Rage Trade,66,52,748.1520964,11.33563782,4.006748263
Arbitrum,2022-12-15,Sumswap,9,6,1525.028607,169.4476229,106.6648364
Arbitrum,2022-12-15,SushiSwap,27541,10773,17142759.31,622.4450569,1.395451327
Arbitrum,2022-12-15,Uniswap,27242,13400,11362459.17,417.0934282,0.103741629
Avalanche,2022-12-15,1inch Network,1406,324,3615693.721,2571.617156,502.3916535
Avalanche,2022-12-15,Alpha Nodes,28,18,1874741.074,66955.03836,89216.8238
Avalanche,2022-12-15,Beefy Finance,24,18,3567.739335,148.6558056,29.40721312
Avalanche,2022-12-15,Cycle Finance,1,1,5.39537858,5.39537858,5.39537858
Avalanche,2022-12-15,Etherstones,1,1,1.03E-10,1.03E-10,1.03E-10
Avalanche,2022-12-15,GMX,63,48,264608.4615,4200.13431,140.9661546
Avalanche,2022-12-15,Grape Finance,5,5,11.07348757,2.214697514,0.658997112
Avalanche,2022-12-15,Hakuswap,4,3,99.20942394,24.80235599,23.67049253
Avalanche,2022-12-15,Ihelp Protocol,1,1,2.28E-05,2.28E-05,2.28E-05
Avalanche,2022-12-15,Lydia Finance,35,8,839.4020169,23.98291477,4.321589154
Avalanche,2022-12-15,Others,2660,548,1610806.041,605.5661807,192.6335084
Avalanche,2022-12-15,Pangolin,1457,316,341801.4116,234.5925954,66.40655589
Avalanche,2022-12-15,Partyswap,1,1,2.02156195,2.02156195,2.02156195
Avalanche,2022-12-15,SushiSwap,5847,2121,3181191.389,544.0724114,60.93984357
Avalanche,2022-12-15,Trader Joe,8301,4445,1160234.244,139.7704185,6.26677387
Avalanche,2022-12-15,YakSwap,132,54,270819.0628,2051.659566,500.9280136
Avalanche,2022-12-15,Yetiswap,47,3,313.1689855,6.663169904,3.856720628
Avalanche,2022-12-15,Yieldwolf,2,1,0.189110361,0.094555181,0.094555181
BSC,2022-12-15,Biswap,2239,1205,1011245.883,451.6506845,52.92296328
BSC,2022-12-15,Bodatoken,1,1,0.548679446,0.548679446,0.548679446
BSC,2022-12-15,Brewlabs,2,2,0.125154426,0.062577213,0.062577213
BSC,2022-12-15,Cake Monster,2,2,355.6754211,177.8377106,177.8377106
BSC,2022-12-15,Catcoin,3,3,70.23269288,23.41089763,1.260631648
BSC,2022-12-15,Cerberus,1,1,7.19E-10,7.19E-10,7.19E-10
BSC,2022-12-15,Corsac V2,1,1,5.38E-05,5.38E-05,5.38E-05
BSC,2022-12-15,Crypter,1,1,1.032265342,1.032265342,1.032265342
BSC,2022-12-15,Crypto Chip Token,1,1,0.285751658,0.285751658,0.285751658
BSC,2022-12-15,Devolution Metaverse,1,1,14.41887484,14.41887484,14.41887484
BSC,2022-12-15,Do Token,1,1,880.8569052,880.8569052,880.8569052
BSC,2022-12-15,Doge Floki,1,1,7.013443618,7.013443618,7.013443618
BSC,2022-12-15,Dogeking,2,2,80.93309076,40.46654538,40.46654538
BSC,2022-12-15,Earnbusd,1,1,24.53958289,24.53958289,24.53958289
BSC,2022-12-15,Ecoin Finance,1,1,2.262216108,2.262216108,2.262216108
BSC,2022-12-15,Eroverse,19,19,4.540705724,0.238984512,0.209055084
BSC,2022-12-15,Everearn,3,2,792.823818,264.274606,263.7499841
BSC,2022-12-15,Evereth,2,2,0.443813928,0.221906964,0.221906964
BSC,2022-12-15,Evergrow,1,1,1.45939872,1.45939872,1.45939872
BSC,2022-12-15,Eversafu,1,1,1.209578521,1.209578521,1.209578521
BSC,2022-12-15,FatSwap,398,254,21984.6333,55.23777212,15.3063747
BSC,2022-12-15,Floki Rocket,1,1,0.040317977,0.040317977,0.040317977
BSC,2022-12-15,Floki Shiba,1,1,1.938537888,1.938537888,1.938537888
BSC,2022-12-15,Futura Finance,1,1,3.860051912,3.860051912,3.860051912
BSC,2022-12-15,Grimacecoin,1,1,3.24307676,3.24307676,3.24307676
BSC,2022-12-15,Hamster,12,12,0.252378174,0.021031514,0.013246314
BSC,2022-12-15,Hodl,9,9,39.20145537,4.355717264,3.486419643
BSC,2022-12-15,Kaiken Shiba,1,1,0.001694086,0.001694086,0.001694086
BSC,2022-12-15,Lil Floki,1,1,0.008576961,0.008576961,0.008576961
BSC,2022-12-15,Loop Network,10,7,486.4193438,48.64193438,25.36986426
BSC,2022-12-15,Luckyblock,1,1,25.25738101,25.25738101,25.25738101
BSC,2022-12-15,MDEX,4,3,195.8053212,48.95133031,43.87753409
BSC,2022-12-15,Meta Tigr,2,2,54.05857287,27.02928644,27.02928644
BSC,2022-12-15,Metacash,1,1,0.387810355,0.387810355,0.387810355
BSC,2022-12-15,Metallurgy,1,1,0.643941598,0.643941598,0.643941598
BSC,2022-12-15,Metapets,4,4,0.064514986,0.016128747,0.016119907
BSC,2022-12-15,Nomiswap,1482,765,3584686.427,2418.816753,150.0269771
BSC,2022-12-15,Orion,6244,27,6754900.556,1081.822639,465.9656656
BSC,2022-12-15,Others,52493,23485,20456561.72,389.7007548,49.88226549
BSC,2022-12-15,PancakeSwap,41171,12149,113551027.7,2758.034241,149.0476527
BSC,2022-12-15,Phoenixco,2,2,0.225134525,0.112567263,0.112567263
BSC,2022-12-15,Pige Inu,1,1,0.938298454,0.938298454,0.938298454
BSC,2022-12-15,Pumpeth,1,1,0.770191404,0.770191404,0.770191404
BSC,2022-12-15,Restore Truth,1,1,6.470765111,6.470765111,6.470765111
BSC,2022-12-15,Rewardeum,1,1,0.190929059,0.190929059,0.190929059
BSC,2022-12-15,Safehaven Defi,1,1,1.132184297,1.132184297,1.132184297
BSC,2022-12-15,Safemoon,11,10,930.3901444,84.58092221,84.45574322
BSC,2022-12-15,Safuu,77,49,66693.5328,866.1497767,69.52672415
BSC,2022-12-15,Sanji Inu,2,2,1.989681462,0.994840731,0.994840731
BSC,2022-12-15,Santa Floki,1,1,450.5495075,450.5495075,450.5495075
BSC,2022-12-15,Scrooge Coin,1,1,0.25877419,0.25877419,0.25877419
BSC,2022-12-15,Shield Network,1,1,0.106892429,0.106892429,0.106892429
BSC,2022-12-15,Standard In Gold,1,1,0.623515488,0.623515488,0.623515488
BSC,2022-12-15,SushiSwap,433594,158001,87163794.36,201.0262927,28.56757875
BSC,2022-12-15,Tarp,1,1,667.5607226,667.5607226,667.5607226
BSC,2022-12-15,Ten Wallet,1,1,7.805701024,7.805701024,7.805701024
BSC,2022-12-15,Transhuman Coin,2,2,2.266359173,1.133179586,1.133179586
BSC,2022-12-15,Tripcandy,1,1,42.6909684,42.6909684,42.6909684
BSC,2022-12-15,True Bnb,1,1,1.24044308,1.24044308,1.24044308
BSC,2022-12-15,Uland,1,1,0.074944456,0.074944456,0.074944456
BSC,2022-12-15,Utopia,1,1,0.044978921,0.044978921,0.044978921
BSC,2022-12-15,Volt Inu,2,2,5.92626047,2.963130235,2.963130235
BSC,2022-12-15,W3Swap,617,305,374378.4857,606.772262,222.4666449
BSC,2022-12-15,Waifer,1,1,3.365333421,3.365333421,3.365333421
BSC,2022-12-15,Walk With Step,2,1,299.0044996,149.5022498,149.5022498
BSC,2022-12-15,Wallstreet Finance,1,1,2.460960212,2.460960212,2.460960212
BSC,2022-12-15,Wana Moon,1,1,2.41E-05,2.41E-05,2.41E-05
BSC,2022-12-15,Y-5 Finance,4,4,0.036290272,0.009072568,0.009063279
BSC,2022-12-15,Zombie Inu,3,3,7.669600017,2.556533339,0.21838834
BSC,2022-12-15,Zooswap,1332,627,190834.0227,143.2687858,125.6140986
BSC,2022-12-15,Zuna,1,1,31.37938119,31.37938119,31.37938119
Ethereum,2022-12-15,Balancer,1123,505,98524970.22,68946.79512,2402.45
Ethereum,2022-12-15,Curve,1491,165,144609480.1,82398.56418,6307.04
Ethereum,2022-12-15,SushiSwap,4540,140,8066543.686,1605.921498,396.8367591
Ethereum,2022-12-15,Uniswap,48195,241,696723411.5,11415.7067,502.1412591
Ethereum,2022-12-15,synthetix,24,19,1946184.398,81091.0166,64859.46853
Flow,2022-12-15,BltUsdtSwapPair,29,23,11599.218,399.9730343,17.73060707
Flow,2022-12-15,FlowSwapPair,185,106,73047.80277,374.6041168,91.58050726
Flow,2022-12-15,FusdUsdtSwapPair,103,73,16963.14158,164.6906949,35.11103885
Flow,2022-12-15,RevvFlowSwapPair,1,1,15.4217166,15.4217166,15.4217166
Flow,2022-12-15,StarlyUsdtSwapPair,101,4,8326.861191,82.44417021,72.60328704
Flow,2022-12-15,SwapPair,38,9,8610.162614,141.1502068,1.001000334
Flow,2022-12-15,UsdcUsdtSwapPair,58,34,25940.37998,381.4761761,106.7311442
Gnosis,2022-12-15,Elk,5,4,473.7198019,94.74396038,60.8431515
Gnosis,2022-12-15,Others,121,24,18129.255,149.8285537,74.52140476
Gnosis,2022-12-15,SushiSwap,1916,339,92904.51947,48.48878887,1.329939227
Gnosis,2022-12-15,Uniswap,483,75,5421.98754,11.22564708,2.200495401
NEAR,2022-12-15,Jumbo,5,1,97.01795466,19.40359093,9.502400857
NEAR,2022-12-15,Others,944,215,579556.7109,508.8294213,18.04002185
NEAR,2022-12-15,Ref Finance,415,46,2566331.809,4983.16856,544.9027128
Optimism,2022-12-15,Balancer,32,28,59512.67027,1859.770946,66.47254732
Optimism,2022-12-15,Beefy Finance,26,24,47.63895603,1.832267539,0.033657927
Optimism,2022-12-15,Biconomy,1,1,461.0669939,461.0669939,461.0669939
Optimism,2022-12-15,Elk Finance,3,3,3.018205185,1.006068395,0.804503548
Optimism,2022-12-15,Gnosis Safe,35,27,254.3719874,7.267771069,1.499078141
Optimism,2022-12-15,Homora V2,24,17,2154.913131,89.78804712,5.52E-05
Optimism,2022-12-15,Kyberswap,52,2,65423.29949,1258.140375,1257.055125
Optimism,2022-12-15,Others,2204,348,2716809.909,1232.672372,386.3720833
Optimism,2022-12-15,Overnight,27,5,46148.19128,1709.19227,642.0712345
Optimism,2022-12-15,ParaSwap,10,6,11550.4706,1155.04706,20.98929164
Optimism,2022-12-15,Perpetual Protocol,12,1,5.461109421,0.455092452,0.455092452
Optimism,2022-12-15,Reaper Farm,2,1,9291.364829,4645.682414,4645.682414
Optimism,2022-12-15,Rubicon,451,6,32121.26064,71.22230741,22.08633402
Optimism,2022-12-15,Set Protocol,1,1,50.56309394,50.56309394,50.56309394
Optimism,2022-12-15,SushiSwap,3872,1821,2860321.309,738.7193463,62.97559837
Optimism,2022-12-15,Thales,5,1,1501.171578,300.2343157,300.0327384
Optimism,2022-12-15,Uniswap,24725,11318,4182312.039,169.1531664,31.92913796
Optimism,2022-12-15,Velodrome,16313,4266,27900850.9,1710.344566,0.18909373
Optimism,2022-12-15,Zipswap,29,22,583.5684205,20.12304898,12.61957085
Osmosis,2022-12-15,Osmosis,12693,4069,3334333.387,262.5045967,12.82139957
Polygon,2022-12-15,Apeswap,204,63,13868.94682,67.98503342,29.59512365
Polygon,2022-12-15,Cafeswap,3,2,5.514837605,1.838279202,2.006449061
Polygon,2022-12-15,Dfyn Network,190,58,56636.49197,298.0867999,64.00803637
Polygon,2022-12-15,Farmhero,1,1,3.904357253,3.904357253,3.904357253
Polygon,2022-12-15,Kyberswap,551,3,272495.509,494.5472032,279.8518122
Polygon,2022-12-15,Others,8905,1260,11334989.63,1272.87924,13.31528654
Polygon,2022-12-15,Polycat,4,2,13.95586964,3.488967411,3.471935289
Polygon,2022-12-15,Quickswap,6771,1283,781120.0526,115.3625835,28.22897045
Polygon,2022-12-15,SushiSwap,53083,21409,21731861.64,409.3939988,5.867612482
Polygon,2022-12-15,Uniswap,9211,4328,8243713.078,894.9856778,29.32789473
Solana,2022-12-15,Jupiter,119573,4529,9598471.808,80.27290281,3.006198594
Solana,2022-12-15,Orca,2170,407,572131.6727,263.6551487,4.897664173
Solana,2022-12-15,Raydium,3354,1015,873497.0251,260.4344142,21.21574212
Solana,2022-12-15,Saber,127,21,1158404.148,9121.292502,44.64060149
THORChain,2022-12-15,THORChain,13601,429,15492697.54,773.8610158,434.2750584
Algorand,2022-12-16,Algofi,4170,94,200510.5719,44.16532422,7.111115181
Algorand,2022-12-16,FXDX,43,14,11524.59298,268.0137902,42.87780784
Algorand,2022-12-16,Humble,256,40,93602.27588,365.6338901,394.4318309
Algorand,2022-12-16,Pact,3688,141,1498000.234,372.2664597,6.763155296
Algorand,2022-12-16,Tinyman,18287,1143,2069467.463,113.1660449,4.659056604
Arbitrum,2022-12-16,1inch Network,3747,1221,6042525.54,1612.630248,481.5981605
Arbitrum,2022-12-16,Camelot,367,155,128788.3636,350.9219716,37.94776646
Arbitrum,2022-12-16,Fraxswap,59,10,21424.34981,363.1245731,234.0916275
Arbitrum,2022-12-16,GMX,1530,732,1665378.978,1088.482992,36.71563
Arbitrum,2022-12-16,Layer2dao,1,1,29756.7047,29756.7047,29756.7047
Arbitrum,2022-12-16,Others,13579,2187,20293933.93,1494.508722,487.8148312
Arbitrum,2022-12-16,Rage Trade,101,83,4693.719568,46.47247097,8.230589168
Arbitrum,2022-12-16,Sumswap,23,6,2348.294346,102.0997542,84.18373759
Arbitrum,2022-12-16,SushiSwap,30189,10002,25399743.61,841.3575676,12.63635692
Arbitrum,2022-12-16,Uniswap,27866,8821,31377769.58,1126.023454,0.195125933
Avalanche,2022-12-16,1inch Network,1744,355,2883335.625,1653.288776,507.259254
Avalanche,2022-12-16,Alpha Nodes,28,17,1626575.434,58091.97979,85225.16292
Avalanche,2022-12-16,Beefy Finance,34,23,11746.09761,345.473459,38.35143381
Avalanche,2022-12-16,Cycle Finance,1,1,5.054522801,5.054522801,5.054522801
Avalanche,2022-12-16,GMX,75,48,593869.123,7918.254973,244.3363045
Avalanche,2022-12-16,Grape Finance,5,5,0.169178544,0.033835709,0.007583668
Avalanche,2022-12-16,Hakuswap,4,4,74.72145301,18.68036325,17.47999222
Avalanche,2022-12-16,Ihelp Protocol,1,1,2.28E-05,2.28E-05,2.28E-05
Avalanche,2022-12-16,Lydia Finance,31,9,318.2657315,10.2666365,4.274903497
Avalanche,2022-12-16,Others,5166,530,2345304.693,453.9885198,167.6512012
Avalanche,2022-12-16,Pangolin,1591,302,473914.107,297.871846,105.9802296
Avalanche,2022-12-16,SushiSwap,7355,1920,2498600.497,339.7145475,65.22058006
Avalanche,2022-12-16,Trader Joe,6894,3015,1542782.821,223.78631,25.38048431
Avalanche,2022-12-16,YakSwap,226,60,346328.7191,1532.427961,486.7689137
Avalanche,2022-12-16,Yetiswap,23,3,129.2065405,5.617675674,4.247874227
Avalanche,2022-12-16,Yieldwolf,2,1,2.825573184,1.412786592,1.412786592
BSC,2022-12-16,Biswap,2865,1316,1626354.103,567.6628633,97.29123745
BSC,2022-12-16,Bnbback,1,1,68.73117734,68.73117734,68.73117734
BSC,2022-12-16,Bodatoken,2,1,1.259258401,0.629629201,0.629629201
BSC,2022-12-16,Bogged Finance,1,1,47.42674765,47.42674765,47.42674765
BSC,2022-12-16,Brewlabs,2,2,0.134202103,0.067101052,0.067101052
BSC,2022-12-16,Busd Buffet,1,1,0.381622787,0.381622787,0.381622787
BSC,2022-12-16,Cake Monster,6,5,371.2239596,61.87065994,0.84928242
BSC,2022-12-16,Catcoin,3,3,21.98835417,7.329451389,0.632320398
BSC,2022-12-16,Corsac,1,1,0.165388379,0.165388379,0.165388379
BSC,2022-12-16,Crusaders Of Crypto,1,1,0.203052844,0.203052844,0.203052844
BSC,2022-12-16,Crypto Chip Token,2,2,0.747693891,0.373846945,0.373846945
BSC,2022-12-16,Divewallet,1,1,358.7122249,358.7122249,358.7122249
BSC,2022-12-16,Doge Floki,2,1,13.29333959,6.646669796,6.646669796
BSC,2022-12-16,Dogeking,4,4,171.0742007,42.76855018,17.30438355
BSC,2022-12-16,Dyor,1,1,6.202317889,6.202317889,6.202317889
BSC,2022-12-16,Earnbusd,1,1,21.84456795,21.84456795,21.84456795
BSC,2022-12-16,Ecoin Finance,1,1,1.159203997,1.159203997,1.159203997
BSC,2022-12-16,Empire,1,1,10.80127334,10.80127334,10.80127334
BSC,2022-12-16,Eroverse,1,1,0.360502154,0.360502154,0.360502154
BSC,2022-12-16,Evereth,1,1,0.978943417,0.978943417,0.978943417
BSC,2022-12-16,Exzocoin,1,1,0.727595498,0.727595498,0.727595498
BSC,2022-12-16,FatSwap,384,243,38346.12755,99.85970717,25.73246476
BSC,2022-12-16,Floki Shiba,1,1,1.810197874,1.810197874,1.810197874
BSC,2022-12-16,Floki Verse,1,1,3.60E-11,3.60E-11,3.60E-11
BSC,2022-12-16,Flokimooni,1,1,0.734597426,0.734597426,0.734597426
BSC,2022-12-16,Futura Finance,2,1,7.235296819,3.617648409,3.617648409
BSC,2022-12-16,Hamster,12,12,4.090126046,0.340843837,0.263767718
BSC,2022-12-16,Hodl,17,17,118.76006,6.985885881,5.201152238
BSC,2022-12-16,Kaiken Shiba,3,2,0.004426281,0.001475427,0.00147524
BSC,2022-12-16,Libero,1,1,46.46604371,46.46604371,46.46604371
BSC,2022-12-16,Loop Network,9,7,358.0918048,39.78797831,37.49769709
BSC,2022-12-16,Luckyblock,7,6,35.01198071,5.00171153,0.665683246
BSC,2022-12-16,MDEX,1,1,4.327464424,4.327464424,4.327464424
BSC,2022-12-16,Metacash,1,1,0.534662571,0.534662571,0.534662571
BSC,2022-12-16,Metapets,4,3,0.060379837,0.015094959,0.015093062
BSC,2022-12-16,Movey,1,1,0.300395523,0.300395523,0.300395523
BSC,2022-12-16,Nelore Coin,1,1,44.37008397,44.37008397,44.37008397
BSC,2022-12-16,Nomiswap,1799,906,9729266.074,5408.152348,244.7159135
BSC,2022-12-16,Orion,11246,27,13212433.54,1174.856263,438.0245607
BSC,2022-12-16,Others,60175,20771,41408608.07,688.1364033,63.72863271
BSC,2022-12-16,PancakeSwap,61156,10397,118690999.8,1940.790762,238.3046866
BSC,2022-12-16,Pige Inu,2,2,2.234083404,1.117041702,1.117041702
BSC,2022-12-16,Reflex Finance,1,1,723.7283888,723.7283888,723.7283888
BSC,2022-12-16,Reward Hunters Token,1,1,2.048662808,2.048662808,2.048662808
BSC,2022-12-16,Riseupv2,1,1,25.8392773,25.8392773,25.8392773
BSC,2022-12-16,Safemoon,30,25,2230.475824,74.34919414,70.82926568
BSC,2022-12-16,Safenebula,1,1,0.030917594,0.030917594,0.030917594
BSC,2022-12-16,Safermoon,1,1,4.57950609,4.57950609,4.57950609
BSC,2022-12-16,Safuu,27,20,12627.96017,467.7022286,16.57412723
BSC,2022-12-16,Sanji Inu,1,1,98.9894896,98.9894896,98.9894896
BSC,2022-12-16,Saylor Moon,1,1,51.57516025,51.57516025,51.57516025
BSC,2022-12-16,Shiba General,1,1,0.223655077,0.223655077,0.223655077
BSC,2022-12-16,Simba Inu,1,1,0.00080499,0.00080499,0.00080499
BSC,2022-12-16,Steam Exchange,1,1,6.017117869,6.017117869,6.017117869
BSC,2022-12-16,SushiSwap,439428,141365,105782478.5,240.7276699,33.9308255
BSC,2022-12-16,Titano,1,1,335.1607615,335.1607615,335.1607615
BSC,2022-12-16,Transhuman Coin,2,2,6.959071685,3.479535842,3.479535842
BSC,2022-12-16,Urutoken,2,2,1.08E-09,5.41E-10,5.41E-10
BSC,2022-12-16,Volt Inu,2,2,0.983874874,0.491937437,0.491937437
BSC,2022-12-16,W3Swap,511,294,350295.7596,685.5102929,212.3477747
BSC,2022-12-16,Walk With Step,1,1,149.6498256,149.6498256,149.6498256
BSC,2022-12-16,Y-5 Finance,5,5,0.678070839,0.135614168,0.026543689
BSC,2022-12-16,Yieldzilla,1,1,0.74026407,0.74026407,0.74026407
BSC,2022-12-16,Zombie Inu,4,4,2.857820287,0.714455072,0.555387739
BSC,2022-12-16,Zooswap,1270,598,181050.0786,142.559117,180.1635571
Ethereum,2022-12-16,Balancer,1592,672,90672216.85,44360.18437,2939.735
Ethereum,2022-12-16,Curve,1734,178,120355199.2,58997.64668,6996.465
Ethereum,2022-12-16,SushiSwap,6562,153,14811158.4,2025.873123,606.0546586
Ethereum,2022-12-16,Uniswap,61667,267,1245918332,15728.11468,666.05
Ethereum,2022-12-16,synthetix,26,22,2546307.465,97934.9025,84412.69281
Flow,2022-12-16,BltUsdtSwapPair,35,17,20960.46633,598.8704666,182.2581887
Flow,2022-12-16,FlowSwapPair,266,100,103642.3972,379.6424807,142.5613323
Flow,2022-12-16,FusdUsdtSwapPair,105,52,9471.981709,90.20934961,6.00601386
Flow,2022-12-16,RevvFlowSwapPair,1,1,8.033072799,8.033072799,8.033072799
Flow,2022-12-16,StarlyUsdtSwapPair,112,8,8119.146163,72.49237646,61.84701349
Flow,2022-12-16,SwapPair,101,14,21668.36809,162.9200608,1.072373137
Flow,2022-12-16,UsdcUsdtSwapPair,97,43,14143.19969,135.9923047,29.57975124
Gnosis,2022-12-16,Elk,11,8,547.7056015,49.79141832,5.311846534
Gnosis,2022-12-16,Others,241,33,43971.79834,182.4555948,120.787947
Gnosis,2022-12-16,SushiSwap,3010,383,186075.2768,61.81902883,1.252164603
Gnosis,2022-12-16,Uniswap,1339,77,15029.46262,11.22439329,0.992964136
NEAR,2022-12-16,Jumbo,88,2,20203.82369,222.0200406,18.07380622
NEAR,2022-12-16,Others,1558,246,1141744.746,614.8329272,46.66147573
NEAR,2022-12-16,Ref Finance,962,39,2957544.018,2273.285179,86.99913739
Optimism,2022-12-16,Balancer,60,40,253946.9608,4232.449347,58.0186358
Optimism,2022-12-16,Beefy Finance,31,28,36.9371002,1.191519361,0.066859837
Optimism,2022-12-16,Brahma,2,1,834.6442724,417.3221362,417.3221362
Optimism,2022-12-16,Defi Saver,1,1,38.24252234,38.24252234,38.24252234
Optimism,2022-12-16,Dhedge,4,1,159.2210205,39.80525513,42.96900489
Optimism,2022-12-16,Elk Finance,13,4,140.8508707,10.83468236,0.091677513
Optimism,2022-12-16,Frax Finance,3,2,1.947687384,0.649229128,0.373872083
Optimism,2022-12-16,Gnosis Safe,81,34,890.3547076,10.99203343,1.037025708
Optimism,2022-12-16,Homora V2,34,19,26647.59654,783.7528393,6.85E-05
Optimism,2022-12-16,Kyberswap,92,1,107814.9725,1171.901875,1203.568125
Optimism,2022-12-16,Others,3844,312,7821067.817,2034.617018,1193.544974
Optimism,2022-12-16,Overnight,103,7,133601.9391,1297.106205,884.24947
Optimism,2022-12-16,ParaSwap,30,28,2697.642169,89.92140563,0.09998605
Optimism,2022-12-16,Perpetual Protocol,62,3,4215.280544,67.98839587,1.068854424
Optimism,2022-12-16,Reaper Farm,2,2,123.3551337,61.67756686,61.67756686
Optimism,2022-12-16,Rubicon,749,6,91377.27188,121.9990279,22.90393586
Optimism,2022-12-16,SushiSwap,3993,1653,4742410.095,1187.680966,100.3509639
Optimism,2022-12-16,Thales,5,1,1503.448329,300.6896658,305.0016394
Optimism,2022-12-16,Uniswap,21634,10313,5341374.335,246.8972144,35.03176928
Optimism,2022-12-16,Velodrome,21977,3618,59329997.51,2699.64042,0.970581583
Optimism,2022-12-16,Zipswap,12,11,1131.596922,94.29974352,18.2507863
Osmosis,2022-12-16,Osmosis,18219,4460,6219707.789,341.3483227,28.16832496
Polygon,2022-12-16,Apeswap,352,45,60432.1558,171.6822608,75.97803295
Polygon,2022-12-16,Cafeswap,4,3,4.398646329,1.099661582,1.130424944
Polygon,2022-12-16,Dfyn Network,205,57,78640.25814,383.6110153,95.27235435
Polygon,2022-12-16,Kyberswap,830,3,418058.2329,503.684618,303.8436673
Polygon,2022-12-16,Others,12410,1407,27871043.72,2245.853644,252.9044698
Polygon,2022-12-16,Polycat,5,2,13.63236257,2.726472515,0.000721122
Polygon,2022-12-16,Quickswap,7553,1515,1253212.9,165.9225341,34.06280046
Polygon,2022-12-16,SushiSwap,68837,23072,38938887.39,565.6679894,12.94133378
Polygon,2022-12-16,Uniswap,11145,4332,15464510.54,1387.573849,101.3636985
Solana,2022-12-16,Jupiter,143423,5472,17239945.47,120.2034923,3.417627462
Solana,2022-12-16,Orca,2912,522,555925.0494,190.9083274,10.59257519
Solana,2022-12-16,Raydium,3914,1130,519853.2414,132.8189171,18.30131147
Solana,2022-12-16,Saber,247,22,4459253.523,18053.65799,60.02318393
THORChain,2022-12-16,THORChain,21809,454,27174595.12,779.132838,427.0120258
Algorand,2022-12-17,Algofi,2084,97,69492.37266,29.99239217,4.307865196
Algorand,2022-12-17,FXDX,11,4,28894.87407,2626.806733,315.1249116
Algorand,2022-12-17,Humble,227,37,68574.58949,302.0907026,285.2785418
Algorand,2022-12-17,Pact,1969,99,236990.8751,110.0747214,6.724288832
Algorand,2022-12-17,Tinyman,12600,1065,1147033.606,91.03441316,2.796383435
Arbitrum,2022-12-17,1inch Network,2967,1186,3651496.954,1230.703389,200.3174781
Arbitrum,2022-12-17,Camelot,437,200,67253.56782,153.8983245,27.03188272
Arbitrum,2022-12-17,Fraxswap,36,8,7747.663702,215.2128806,229.4973707
Arbitrum,2022-12-17,GMX,1461,649,501515.6396,343.2687472,26.50289338
Arbitrum,2022-12-17,Others,8298,1818,8061776.593,971.5324889,237.1000435
Arbitrum,2022-12-17,Rage Trade,63,55,2783.068393,44.17568878,9.98116801
Arbitrum,2022-12-17,Sumswap,26,8,1860.269217,71.54881604,49.89383096
Arbitrum,2022-12-17,SushiSwap,25581,10594,11417445.94,446.3252392,2.745435345
Arbitrum,2022-12-17,Uniswap,22020,8548,16718167.92,759.2265175,0.707020114
Avalanche,2022-12-17,1inch Network,1320,344,2956813.196,2240.009997,499.6992301
Avalanche,2022-12-17,Alpha Nodes,24,11,1255353.598,52306.3999,82844.87059
Avalanche,2022-12-17,Beefy Finance,29,25,2593.967112,89.44714178,12.47883687
Avalanche,2022-12-17,GMX,55,39,82367.78057,1497.59601,198.8581078
Avalanche,2022-12-17,Grape Finance,6,6,32.88454132,5.480756887,2.794415923
Avalanche,2022-12-17,Hakuswap,9,8,246.0351176,27.33723529,3.889407811
Avalanche,2022-12-17,Ihelp Protocol,1,1,2.32E-05,2.32E-05,2.32E-05
Avalanche,2022-12-17,Lydia Finance,23,4,428.9693178,18.6508399,4.495371898
Avalanche,2022-12-17,Others,2248,566,3797841.946,1689.43147,160.7709311
Avalanche,2022-12-17,Pangolin,1277,288,275946.0836,216.0893372,61.38671752
Avalanche,2022-12-17,Radar,2,1,449.6412508,224.8206254,224.8206254
Avalanche,2022-12-17,SushiSwap,6324,2156,1281485.878,202.6385006,40.47912762
Avalanche,2022-12-17,Trader Joe,6358,2739,1090598.969,171.5317661,24.71514415
Avalanche,2022-12-17,YakSwap,85,49,157612.757,1854.267729,72.72211015
Avalanche,2022-12-17,Yetiswap,45,5,151.5742494,3.368316654,3.076831031
Avalanche,2022-12-17,Yieldwolf,3,3,3.110170077,1.036723359,1.115660662
BSC,2022-12-17,Biswap,2437,1314,1278321.048,524.5470037,50.03842274
BSC,2022-12-17,Bodatoken,1,1,0.029375693,0.029375693,0.029375693
BSC,2022-12-17,Brewlabs,1,1,0.012692747,0.012692747,0.012692747
BSC,2022-12-17,Bridge$,1,1,0.000176858,0.000176858,0.000176858
BSC,2022-12-17,Bullish Af,1,1,0.002691669,0.002691669,0.002691669
BSC,2022-12-17,Caash,1,1,1.066850693,1.066850693,1.066850693
BSC,2022-12-17,Cake Monster,5,5,739.1764744,147.8352949,12.06840663
BSC,2022-12-17,Catcoin,6,5,48.31853283,8.053088804,7.011694778
BSC,2022-12-17,Cryogen,1,1,0.06813184,0.06813184,0.06813184
BSC,2022-12-17,Crypter,1,1,0.060092267,0.060092267,0.060092267
BSC,2022-12-17,Doge Floki,3,3,16.90335995,5.634453316,5.658575836
BSC,2022-12-17,Dogeking,1,1,16.44804202,16.44804202,16.44804202
BSC,2022-12-17,Early Bird,1,1,1.532935486,1.532935486,1.532935486
BSC,2022-12-17,Earnbusd,1,1,0.169892469,0.169892469,0.169892469
BSC,2022-12-17,Elonbank,1,1,0.171144211,0.171144211,0.171144211
BSC,2022-12-17,Empire,4,3,40.1070204,10.0267551,10.02798768
BSC,2022-12-17,Eroverse,3,3,1.20772381,0.402574603,0.339085302
BSC,2022-12-17,Eth Fan,1,1,0.00015021,0.00015021,0.00015021
BSC,2022-12-17,Ethernal Finance,1,1,133.9876595,133.9876595,133.9876595
BSC,2022-12-17,Evereth,3,3,7.2936317,2.431210567,2.508185646
BSC,2022-12-17,Evergrow,2,2,1.271175796,0.635587898,0.635587898
BSC,2022-12-17,FatSwap,401,265,44185.42876,110.1881017,22.67975187
BSC,2022-12-17,Flokimooni,3,2,20.57388934,6.857963114,7.077632325
BSC,2022-12-17,Fomoeth,1,1,1.18E-15,1.18E-15,1.18E-15
BSC,2022-12-17,French Connection Finance,1,1,20.15641064,20.15641064,20.15641064
BSC,2022-12-17,Futura Finance,2,1,6.912902026,3.456451013,3.456451013
BSC,2022-12-17,Go Bnb,1,1,15.37732668,15.37732668,15.37732668
BSC,2022-12-17,Grimacecoin,1,1,5.091429598,5.091429598,5.091429598
BSC,2022-12-17,Hamster,3,3,0.098574497,0.032858166,0.03451292
BSC,2022-12-17,Hodl,9,9,54.33813595,6.037570662,6.000488628
BSC,2022-12-17,Librium Tech,2,1,1.718694542,0.859347271,0.859347271
BSC,2022-12-17,Lil Floki,1,1,0.001920808,0.001920808,0.001920808
BSC,2022-12-17,Loop Network,8,6,272.9865425,34.12331781,39.23346111
BSC,2022-12-17,Luckyblock,1,1,3.157825762,3.157825762,3.157825762
BSC,2022-12-17,MDEX,3,3,22.62024714,7.540082379,7.338135995
BSC,2022-12-17,Maneki Inu,1,1,19.58260806,19.58260806,19.58260806
BSC,2022-12-17,Meta Face,1,1,252.1076921,252.1076921,252.1076921
BSC,2022-12-17,Metabusdcoin,1,1,1.467614497,1.467614497,1.467614497
BSC,2022-12-17,Metacash,2,2,0.213849876,0.106924938,0.106924938
BSC,2022-12-17,Metanet,1,1,2.945565232,2.945565232,2.945565232
BSC,2022-12-17,Metapets,6,5,0.084863104,0.014143851,0.014136279
BSC,2022-12-17,Moonlight Token,1,1,177.4300732,177.4300732,177.4300732
BSC,2022-12-17,Nelore Coin,4,4,118.1573469,29.53933673,24.90195443
BSC,2022-12-17,Nomiswap,1715,856,19424424.13,11326.19483,178.4086897
BSC,2022-12-17,Orion,19731,27,22371879.89,1133.844199,408.7833923
BSC,2022-12-17,Others,50602,18965,29513223.15,583.2422267,49.77362323
BSC,2022-12-17,PancakeSwap,57071,9950,84352223.32,1478.022521,206.9625831
BSC,2022-12-17,Pancakepoll,1,1,3.052069891,3.052069891,3.052069891
BSC,2022-12-17,Phoenixco,3,2,0.287803626,0.095934542,0.096270559
BSC,2022-12-17,Reflex Finance,1,1,10.81034039,10.81034039,10.81034039
BSC,2022-12-17,Rewardeum,1,1,0.167139229,0.167139229,0.167139229
BSC,2022-12-17,Rougecoin,1,1,6.65E-06,6.65E-06,6.65E-06
BSC,2022-12-17,Safemoon,86,48,5896.774232,68.56714223,68.64701938
BSC,2022-12-17,Safetesla,1,1,5.662754825,5.662754825,5.662754825
BSC,2022-12-17,Safuu,23,11,1401.936792,60.95377359,23.17446382
BSC,2022-12-17,Sanji Inu,2,2,46.87580056,23.43790028,23.43790028
BSC,2022-12-17,Saylor Moon,1,1,48.61756002,48.61756002,48.61756002
BSC,2022-12-17,Shib Army,1,1,3.085848775,3.085848775,3.085848775
BSC,2022-12-17,Simba Inu,1,1,0.000121394,0.000121394,0.000121394
BSC,2022-12-17,Sparklab,1,1,0.000102369,0.000102369,0.000102369
BSC,2022-12-17,Spywolf,1,1,3.480988496,3.480988496,3.480988496
BSC,2022-12-17,SushiSwap,376391,131493,90188630.09,239.6142046,35.21014522
BSC,2022-12-17,Transhuman Coin,3,1,9.801187156,3.267062385,1.869508215
BSC,2022-12-17,Uland,1,1,0.072334189,0.072334189,0.072334189
BSC,2022-12-17,Volt Inu,2,1,0.429679556,0.214839778,0.214839778
BSC,2022-12-17,W3Swap,507,280,407638.395,804.0205029,287.3236791
BSC,2022-12-17,Walk With Step,1,1,172.8008736,172.8008736,172.8008736
BSC,2022-12-17,Whenlambo,1,1,0.523691857,0.523691857,0.523691857
BSC,2022-12-17,Y-5 Finance,4,4,0.058791507,0.014697877,0.014683036
BSC,2022-12-17,Zombie Inu,2,2,0.878465806,0.439232903,0.439232903
BSC,2022-12-17,Zooswap,1359,609,208238.9847,153.2295693,178.1155388
Ethereum,2022-12-17,Balancer,904,421,84416182.74,68854.96145,2246.295
Ethereum,2022-12-17,Curve,1833,150,128890044,59616.11656,6978.64
Ethereum,2022-12-17,SushiSwap,6089,143,9725000.129,1446.957317,426.0667155
Ethereum,2022-12-17,Uniswap,53292,234,672962807.8,10159.46268,488.3992869
Ethereum,2022-12-17,synthetix,36,22,2236122.238,62114.5066,39803.22743
Flow,2022-12-17,BltUsdtSwapPair,30,16,3773.66805,125.788935,14.8501676
Flow,2022-12-17,FlowSwapPair,240,92,97250.76258,398.5686991,138.0441519
Flow,2022-12-17,FusdUsdtSwapPair,84,49,5874.794714,69.93803232,8.805921133
Flow,2022-12-17,RevvFlowSwapPair,3,3,826.771252,275.5904173,28.12685432
Flow,2022-12-17,StarlyUsdtSwapPair,48,7,2854.612899,59.47110207,56.62632036
Flow,2022-12-17,SwapPair,102,16,30292.46481,240.4163874,0.636016422
Flow,2022-12-17,UsdcUsdtSwapPair,65,35,19168.00025,277.797105,46.33751879
Gnosis,2022-12-17,Elk,8,4,263.7119068,32.96398834,4.144168792
Gnosis,2022-12-17,Others,148,35,24920.69669,168.3830857,64.88582919
Gnosis,2022-12-17,SushiSwap,1161,249,63583.99217,54.76657379,2.060140038
Gnosis,2022-12-17,Uniswap,653,71,11549.36421,17.68662207,0.993726126
NEAR,2022-12-17,Jumbo,12,2,112.9842334,9.415352784,7.408466736
NEAR,2022-12-17,Others,1415,227,865412.5922,480.251161,28.5540011
NEAR,2022-12-17,Ref Finance,420,30,1793491.991,3705.561964,620.2811284
Optimism,2022-12-17,Balancer,51,43,36796.98531,721.509516,61.93027503
Optimism,2022-12-17,Beefy Finance,23,22,31.05551546,1.350239803,0.051639721
Optimism,2022-12-17,Dhedge,2,1,7.685774209,3.842887104,3.842887104
Optimism,2022-12-17,Elk Finance,2,2,11.0273848,5.513692398,5.513692398
Optimism,2022-12-17,Frax Finance,9,7,1.782751529,0.198083503,0.117115653
Optimism,2022-12-17,Gnosis Safe,72,25,819.8598758,11.38694272,1.179220061
Optimism,2022-12-17,Homora V2,21,10,159019.6196,7572.362836,1.15E-06
Optimism,2022-12-17,Kyberswap,46,2,48571.40663,1055.900144,1154.467875
Optimism,2022-12-17,Nuke Vaults,1,1,1.374217322,1.374217322,1.374217322
Optimism,2022-12-17,Others,2156,380,3148973.016,1460.562623,462.5374167
Optimism,2022-12-17,Overnight,65,8,42684.61921,656.6864495,75.44849266
Optimism,2022-12-17,ParaSwap,47,39,6643.436629,141.3497155,0.099976306
Optimism,2022-12-17,Perpetual Protocol,21,2,2336.163828,111.2458966,166.3355444
Optimism,2022-12-17,Reaper Farm,3,2,150.809614,50.26987135,19.87279931
Optimism,2022-12-17,Rubicon,861,6,43432.13282,50.44382441,21.37034645
Optimism,2022-12-17,SushiSwap,2409,1158,1723870.142,715.5957416,82.45757475
Optimism,2022-12-17,Thales,5,1,1505.206847,301.0413693,300.3087939
Optimism,2022-12-17,Uniswap,28192,11445,3711502.341,131.650906,31.78894488
Optimism,2022-12-17,Velodrome,17040,3600,40857178,2397.721713,0.54574547
Optimism,2022-12-17,Zipswap,29,12,2131.342452,73.4945673,77.33317068
Osmosis,2022-12-17,Osmosis,14269,4256,3248204.26,227.5927873,11.531529
Polygon,2022-12-17,Apeswap,263,40,26544.94977,100.9313679,43.31010743
Polygon,2022-12-17,Cafeswap,3,2,16.21610999,5.405369997,2.115144781
Polygon,2022-12-17,Dfyn Network,183,68,31212.06938,170.5577562,35.71383387
Polygon,2022-12-17,Kyberswap,1083,3,563687.4701,520.4870454,423.5695822
Polygon,2022-12-17,Others,12326,1856,15138300.35,1228.160015,87.15654673
Polygon,2022-12-17,Polycat,4,2,13.58156635,3.395391588,3.382775236
Polygon,2022-12-17,Quickswap,6934,1355,1091371.183,157.3941712,27.20573953
Polygon,2022-12-17,SushiSwap,49651,18562,17088964.62,344.1816805,10.05197377
Polygon,2022-12-17,Uniswap,10503,4660,8723158.787,830.5397302,23.56188574
Solana,2022-12-17,Jupiter,108869,4494,9135864.836,83.91612705,2.966968492
Solana,2022-12-17,Orca,2216,507,716717.709,323.428569,12.51665754
Solana,2022-12-17,Raydium,3428,946,288176.3202,84.06543764,22.7677991
Solana,2022-12-17,Saber,117,17,815409.1898,6969.309315,67.74324957
THORChain,2022-12-17,THORChain,18523,475,19402281.88,634.6214595,400.6963865
Algorand,2022-12-18,Algofi,1141,58,43543.42945,35.86773431,5.723088105
Algorand,2022-12-18,FXDX,7,3,272.6683145,38.95261636,38.68019355
Algorand,2022-12-18,Humble,154,26,41468.44341,269.2756066,374.5058941
Algorand,2022-12-18,Pact,1388,79,93652.09276,63.27844106,9.619234282
Algorand,2022-12-18,Tinyman,8166,867,513722.267,62.9099029,2.982854748
Arbitrum,2022-12-18,1inch Network,1698,707,3534357.781,2081.482792,95.78074224
Arbitrum,2022-12-18,Camelot,252,127,50327.01462,199.7103755,47.44262076
Arbitrum,2022-12-18,Fraxswap,26,16,7085.27381,272.5105312,1.171775592
Arbitrum,2022-12-18,GMX,1679,652,308245.6718,183.5888456,21.00318739
Arbitrum,2022-12-18,Others,6415,1741,6877271.61,1072.061046,70.93449733
Arbitrum,2022-12-18,Rage Trade,45,34,1838.051177,40.84558171,10.06998503
Arbitrum,2022-12-18,Sumswap,13,7,1288.23444,99.09495696,120.0778973
Arbitrum,2022-12-18,SushiSwap,41187,19473,12921581,313.7295991,0.119420491
Arbitrum,2022-12-18,Uniswap,24384,10005,12386892.44,507.9926361,0.055952267
Avalanche,2022-12-18,1inch Network,851,344,1170156.429,1375.036931,73.55456466
Avalanche,2022-12-18,Alpha Nodes,78,42,3939176.586,50502.26393,74468.42217
Avalanche,2022-12-18,Beefy Finance,22,20,914.4849138,41.56749608,17.11249718
Avalanche,2022-12-18,GMX,50,34,114908.8728,2298.177456,176.8652855
Avalanche,2022-12-18,Grape Finance,2,2,32.84968967,16.42484484,16.42484484
Avalanche,2022-12-18,Hakuswap,2,2,12.95381023,6.476905113,6.476905113
Avalanche,2022-12-18,Ihelp Protocol,1,1,2.09E-05,2.09E-05,2.09E-05
Avalanche,2022-12-18,Lydia Finance,29,8,218.5634224,7.536669737,3.97066844
Avalanche,2022-12-18,Others,2036,589,998302.1758,490.3252337,146.9435544
Avalanche,2022-12-18,Pangolin,998,282,185893.2689,186.2658005,41.17434813
Avalanche,2022-12-18,Steakhut,2,1,252.4833063,126.2416531,126.2416531
Avalanche,2022-12-18,SushiSwap,4603,2034,1152407.275,250.3600424,23.06018151
Avalanche,2022-12-18,Trader Joe,5226,2440,644918.1525,123.4056932,19.17097764
Avalanche,2022-12-18,Velox,1,1,0.170949458,0.170949458,0.170949458
Avalanche,2022-12-18,YakSwap,72,40,39115.40864,543.2695644,90.59955963
Avalanche,2022-12-18,Yetiswap,44,5,173.7031074,3.947797895,3.015921102
Avalanche,2022-12-18,Yieldwolf,1,1,0.981086195,0.981086195,0.981086195
BSC,2022-12-18,Biswap,1884,1104,881921.1608,468.1110195,38.01888644
BSC,2022-12-18,Bodatoken,2,2,5.027097474,2.513548737,2.513548737
BSC,2022-12-18,Cake Monster,5,3,10.54096225,2.108192449,1.145112
BSC,2022-12-18,Catcoin,1,1,13.75126307,13.75126307,13.75126307
BSC,2022-12-18,Clear Water,1,1,5.470961364,5.470961364,5.470961364
BSC,2022-12-18,Coinxpad,1,1,0.06942572,0.06942572,0.06942572
BSC,2022-12-18,Crypter,1,1,0.197087143,0.197087143,0.197087143
BSC,2022-12-18,Doge Floki,4,4,22.45558443,5.613896107,5.300430014
BSC,2022-12-18,Dogefood,1,1,0.080188591,0.080188591,0.080188591
BSC,2022-12-18,Dogeking,5,5,353.668908,70.73378161,39.16715374
BSC,2022-12-18,Ecole,1,1,0.074460839,0.074460839,0.074460839
BSC,2022-12-18,Empire,2,2,22.01442733,11.00721367,11.00721367
BSC,2022-12-18,Evergrow,1,1,4.828881291,4.828881291,4.828881291
BSC,2022-12-18,Eversafu,2,1,15.72124231,7.860621153,7.860621153
BSC,2022-12-18,FatSwap,380,256,38891.8753,102.3470403,24.76572845
BSC,2022-12-18,Floki Shiba,1,1,1.817034102,1.817034102,1.817034102
BSC,2022-12-18,Futura Finance,2,1,7.364399035,3.682199518,3.682199518
BSC,2022-12-18,Hamster,3,3,2.205821559,0.735273853,0.591201879
BSC,2022-12-18,Hodl,5,5,106.8104279,21.36208559,9.056383536
BSC,2022-12-18,Kaiken Shiba,1,1,0.001614684,0.001614684,0.001614684
BSC,2022-12-18,Librium Tech,1,1,0.952073458,0.952073458,0.952073458
BSC,2022-12-18,Loop Network,13,6,2550.825676,196.2173597,44.55014316
BSC,2022-12-18,Luckyblock,3,3,1.576657877,0.525552626,0.48022078
BSC,2022-12-18,MDEX,3,2,281.4452963,93.81509878,33.81345949
BSC,2022-12-18,Magic Birds Token,3,2,50.55235036,16.85078346,19.59339901
BSC,2022-12-18,Metacash,1,1,1.862550344,1.862550344,1.862550344
BSC,2022-12-18,Metahamster,1,1,2.031986963,2.031986963,2.031986963
BSC,2022-12-18,Metapets,5,4,0.074501972,0.014900394,0.01489601
BSC,2022-12-18,Micropets,4,4,26.21683212,6.55420803,6.554309409
BSC,2022-12-18,Moongame,1,1,1.264500194,1.264500194,1.264500194
BSC,2022-12-18,Nelore Coin,1,1,14.51353304,14.51353304,14.51353304
BSC,2022-12-18,Niob Finance,1,1,98.46231529,98.46231529,98.46231529
BSC,2022-12-18,Nomiswap,1056,603,2397095.973,2269.977248,114.2800395
BSC,2022-12-18,Orion,9980,27,12003872.46,1202.792832,412.5549617
BSC,2022-12-18,Others,43234,15916,17007603.39,393.3849144,35.8697486
BSC,2022-12-18,PancakeSwap,38891,8216,28571526.38,734.6565112,156.900848
BSC,2022-12-18,Plush,1,1,0.242887962,0.242887962,0.242887962
BSC,2022-12-18,Safemoon,22,18,17891.93187,813.2696306,73.3310858
BSC,2022-12-18,Safuu,20,15,608.1764545,30.40882273,11.10189991
BSC,2022-12-18,Sanji Inu,1,1,0.615513789,0.615513789,0.615513789
BSC,2022-12-18,Shibarmyzilla,1,1,5.206204269,5.206204269,5.206204269
BSC,2022-12-18,Simba Inu,1,1,0.007707588,0.007707588,0.007707588
BSC,2022-12-18,Steam Exchange,1,1,5.817320458,5.817320458,5.817320458
BSC,2022-12-18,SushiSwap,349843,114879,67403199.61,192.6669952,32.15246966
BSC,2022-12-18,Ten Wallet,1,1,9.486833316,9.486833316,9.486833316
BSC,2022-12-18,W3Swap,257,161,118154.7606,459.7461502,173.6908355
BSC,2022-12-18,X-Mine,1,1,6.347682538,6.347682538,6.347682538
BSC,2022-12-18,Y-5 Finance,4,4,0.075054085,0.018763521,0.018865267
BSC,2022-12-18,Zombie Inu,5,5,60.82943221,12.16588644,0.178997412
BSC,2022-12-18,Zooswap,1288,599,188041.7462,145.9951445,180.803732
Ethereum,2022-12-18,Balancer,719,361,62603282.03,66599.2362,2064.625
Ethereum,2022-12-18,Curve,1377,125,71548713,46399.94358,5762.325
Ethereum,2022-12-18,SushiSwap,4266,122,6799201.082,1441.119348,422.7821079
Ethereum,2022-12-18,Uniswap,40413,214,327058647.7,6518.87839,470.7
Ethereum,2022-12-18,synthetix,3,3,67709.56896,22569.85632,19920.61985
Flow,2022-12-18,BltUsdtSwapPair,11,9,522.0350922,47.45773566,15.4254811
Flow,2022-12-18,FlowSwapPair,144,91,37419.42252,254.5538947,59.39453794
Flow,2022-12-18,RevvFlowSwapPair,5,5,80.71029414,16.14205883,12.22472314
Flow,2022-12-18,StarlyUsdtSwapPair,68,5,5858.956067,86.16111863,61.37264619
Flow,2022-12-18,SwapPair,24,8,5918.125631,169.0893037,0.645151215
Flow,2022-12-18,UsdcUsdtSwapPair,49,36,15134.25805,291.0434241,41.47271915
Gnosis,2022-12-18,Elk,3,3,56.82634934,18.94211645,1.002619192
Gnosis,2022-12-18,Others,69,22,11763.28942,170.4824553,40.12423387
Gnosis,2022-12-18,SushiSwap,823,200,73430.62131,89.22311216,1.8135333
Gnosis,2022-12-18,Uniswap,532,51,5382.162924,10.1168476,1.047193121
NEAR,2022-12-18,Jumbo,7,1,130.5407426,18.64867751,10.09729914
NEAR,2022-12-18,Others,944,189,438345.8595,366.509916,20.30196504
NEAR,2022-12-18,Ref Finance,199,22,874247.4403,3752.134937,626.8116288
Optimism,2022-12-18,Balancer,36,27,55221.71362,1533.936489,61.3789397
Optimism,2022-12-18,Beefy Finance,14,14,4.260416944,0.304315496,0.037214256
Optimism,2022-12-18,Frax Finance,26,22,11.28758723,0.43413797,0.118892758
Optimism,2022-12-18,Gnosis Safe,39,23,326.8713039,8.381315486,1.000810491
Optimism,2022-12-18,Homora V2,18,12,91.0979941,5.060999672,3.23E-06
Optimism,2022-12-18,Kyberswap,50,1,55124.05992,1102.481198,1080.037932
Optimism,2022-12-18,Others,2411,400,9307456.693,3860.413394,875.6229109
Optimism,2022-12-18,Overnight,58,7,99798.65997,1720.666551,885.0824176
Optimism,2022-12-18,ParaSwap,133,102,152.1251711,1.143798279,0.099307899
Optimism,2022-12-18,Perpetual Protocol,7,1,2.742699818,0.39181426,0.39181426
Optimism,2022-12-18,Rubicon,510,6,25470.95185,49.94304285,21.94166142
Optimism,2022-12-18,SushiSwap,2716,1369,899020.5103,331.0090244,82.85209393
Optimism,2022-12-18,Thales,5,1,1500.239026,300.0478052,300.2735031
Optimism,2022-12-18,Uniswap,24564,11311,3029823.686,123.344068,22.72786658
Optimism,2022-12-18,Velodrome,12804,3558,21983660.03,1716.936897,0.310679416
Optimism,2022-12-18,Zipswap,15,15,195.6519316,13.04346211,2.341304545
Osmosis,2022-12-18,Osmosis,13029,4271,2684669.868,206.0375954,8.198347829
Polygon,2022-12-18,Apeswap,202,28,14637.52104,72.46297546,32.11710395
Polygon,2022-12-18,Cafeswap,2,2,2.127513244,1.063756622,1.063756622
Polygon,2022-12-18,Dfyn Network,115,47,18885.30352,164.2200306,24.34864044
Polygon,2022-12-18,Kyber Swap,1,1,69.92617972,69.92617972,69.92617972
Polygon,2022-12-18,Kyberswap,636,3,338101.293,531.6058066,427.4812586
Polygon,2022-12-18,Others,12436,4165,13099699.94,1053.369246,1.009719225
Polygon,2022-12-18,Polycat,5,2,13.3146294,2.66292588,0.000632305
Polygon,2022-12-18,Quickswap,5324,1125,449928.0353,84.50939807,17.23248864
Polygon,2022-12-18,SushiSwap,46835,19607,12497697.23,266.8452489,2.329398348
Polygon,2022-12-18,Uniswap,25489,13459,5109324.598,200.45214,0.504859613
Solana,2022-12-18,Jupiter,70891,4259,5010592.964,70.68024099,1.001161081
Solana,2022-12-18,Orca,1345,383,120841.4107,89.84491502,12.23957605
Solana,2022-12-18,Raydium,2256,718,197419.82,87.50878548,20.32844537
Solana,2022-12-18,Saber,73,16,47650.9701,652.7530151,70.26975512
THORChain,2022-12-18,THORChain,11037,398,10448743.27,569.0416767,392.5097935
Algorand,2022-12-19,Algofi,1479,77,59839.40507,38.28496806,5.502834815
Algorand,2022-12-19,FXDX,19,8,872.8181805,45.93779897,37.05657646
Algorand,2022-12-19,Humble,211,33,55529.73285,263.1740894,274.8052628
Algorand,2022-12-19,Pact,1836,90,82954.76255,40.96531484,6.363218716
Algorand,2022-12-19,Tinyman,9892,1001,655413.5414,66.25692897,3.057945054
Arbitrum,2022-12-19,1inch Network,2543,944,4096697.564,1610.970336,151.7705299
Arbitrum,2022-12-19,Camelot,284,142,77332.00629,272.2957968,35.72384243
Arbitrum,2022-12-19,Fraxswap,62,14,17203.82851,277.481105,226.8862781
Arbitrum,2022-12-19,GMX,1525,712,454034.718,297.7276839,33.34096497
Arbitrum,2022-12-19,Others,8439,1779,11629079.35,1378.016276,409.3181979
Arbitrum,2022-12-19,Rage Trade,63,44,1582.19431,25.1141954,7.467856899
Arbitrum,2022-12-19,Sumswap,11,4,1104.839535,100.4399577,123.6046283
Arbitrum,2022-12-19,SushiSwap,30771,13614,14074604.83,457.3983566,0.638346911
Arbitrum,2022-12-19,Uniswap,25004,9595,27409934.74,1096.221994,0.100900335
Avalanche,2022-12-19,1inch Network,1224,379,1891614.863,1545.436979,493.1057728
Avalanche,2022-12-19,Alpha Nodes,60,37,1816504.272,30275.0712,46087.88276
Avalanche,2022-12-19,Beefy Finance,29,25,4287.419278,147.8420441,12.84741854
Avalanche,2022-12-19,Chainlink,1,1,1.59991273,1.59991273,1.59991273
Avalanche,2022-12-19,GMX,63,41,19121.58221,303.5171779,50.76433229
Avalanche,2022-12-19,Grape Finance,3,3,18.14796751,6.049322505,0.048962151
Avalanche,2022-12-19,Hakuswap,5,5,13.3035308,2.660706161,1.394004011
Avalanche,2022-12-19,Ihelp Protocol,1,1,1.97E-05,1.97E-05,1.97E-05
Avalanche,2022-12-19,Lydia Finance,27,8,256.6981575,9.507339166,4.871157319
Avalanche,2022-12-19,Others,4103,617,1928684.902,470.0670003,196.2870439
Avalanche,2022-12-19,Pangolin,1610,310,372522.0562,231.3801592,94.68413965
Avalanche,2022-12-19,SushiSwap,7164,2235,1914004.87,267.169859,39.78391454
Avalanche,2022-12-19,Trader Joe,6312,2579,1312990.092,208.0149069,26.04206313
Avalanche,2022-12-19,YakSwap,138,46,151933.1524,1100.964873,501.1068996
Avalanche,2022-12-19,Yetiswap,50,6,362.6430897,7.252861794,3.9434484
Avalanche,2022-12-19,Yieldwolf,2,1,2.752158972,1.376079486,1.376079486
BSC,2022-12-19,Biswap,2010,1125,941959.8549,468.6367437,39.85048648
BSC,2022-12-19,Bnb Defi,1,1,0.238359942,0.238359942,0.238359942
BSC,2022-12-19,Boji,1,1,30.67000163,30.67000163,30.67000163
BSC,2022-12-19,Bridge$,1,1,1.568223116,1.568223116,1.568223116
BSC,2022-12-19,Cake Monster,4,4,349.0937266,87.27343165,1.272859099
BSC,2022-12-19,Catcoin,6,4,141.7685377,23.62808962,7.231932896
BSC,2022-12-19,Devolution Metaverse,1,1,16.00633889,16.00633889,16.00633889
BSC,2022-12-19,Divewallet,1,1,3.071069293,3.071069293,3.071069293
BSC,2022-12-19,Doge Floki,4,4,21.6026281,5.400657025,5.39125848
BSC,2022-12-19,Ecoin Finance,1,1,1.581643195,1.581643195,1.581643195
BSC,2022-12-19,Empire,4,4,43.78427052,10.94606763,10.95348353
BSC,2022-12-19,Ethernal Finance,1,1,3.495377959,3.495377959,3.495377959
BSC,2022-12-19,Evereth,1,1,0.004550299,0.004550299,0.004550299
BSC,2022-12-19,Evergrow,2,2,1.124285182,0.562142591,0.562142591
BSC,2022-12-19,Eversafu,1,1,0.038733909,0.038733909,0.038733909
BSC,2022-12-19,FatSwap,250,172,18548.79333,74.19517332,25.06480086
BSC,2022-12-19,Flokimooni,1,1,2.296104551,2.296104551,2.296104551
BSC,2022-12-19,French Connection Finance,3,3,75.43446433,25.14482144,25.31517286
BSC,2022-12-19,Futura Finance,3,2,8.447156636,2.815718879,3.988695966
BSC,2022-12-19,Hamster,4,4,0.316208299,0.079052075,0.073615928
BSC,2022-12-19,Helena Financial,1,1,0.992900824,0.992900824,0.992900824
BSC,2022-12-19,Hodl,8,8,55.92201482,6.990251853,4.594917409
BSC,2022-12-19,Hornhub Finance,1,1,148.5132687,148.5132687,148.5132687
BSC,2022-12-19,Kaiken Shiba,1,1,0.001688553,0.001688553,0.001688553
BSC,2022-12-19,Lil Floki,1,1,0.000126288,0.000126288,0.000126288
BSC,2022-12-19,Loop Network,12,9,1641.275854,136.7729878,55.32887737
BSC,2022-12-19,Luckyblock,1,1,0.67451979,0.67451979,0.67451979
BSC,2022-12-19,MDEX,1,1,15.2688754,15.2688754,15.2688754
BSC,2022-12-19,Micropets,1,1,6.495741752,6.495741752,6.495741752
BSC,2022-12-19,Moonrat,2,2,4.691865566,2.345932783,2.345932783
BSC,2022-12-19,Nomiswap,1476,780,2704956.064,1832.62606,87.73563409
BSC,2022-12-19,Onyx,1,1,0.392882951,0.392882951,0.392882951
BSC,2022-12-19,Orion,11846,27,12180438.25,1028.232167,370.7977767
BSC,2022-12-19,Others,50546,19494,18532329.42,366.6428485,42.65241916
BSC,2022-12-19,PancakeSwap,43547,9369,26870889.12,617.0548859,166.5663103
BSC,2022-12-19,Phoenixco,1,1,0.10445447,0.10445447,0.10445447
BSC,2022-12-19,Pige Inu,1,1,1.580242538,1.580242538,1.580242538
BSC,2022-12-19,Redfeg,2,2,2.787195069,1.393597534,1.393597534
BSC,2022-12-19,Safemoon,7,3,519.0487112,74.14981589,74.13646897
BSC,2022-12-19,Safermoon,1,1,4.530288804,4.530288804,4.530288804
BSC,2022-12-19,Safuu,14,12,637.5563281,45.53973772,10.42791911
BSC,2022-12-19,Sanji Inu,6,4,15.00670388,2.501117313,2.926383695
BSC,2022-12-19,Sonar Platform,1,1,97.61607252,97.61607252,97.61607252
BSC,2022-12-19,Spartans,1,1,8.10123766,8.10123766,8.10123766
BSC,2022-12-19,Stepd,1,1,2.952145301,2.952145301,2.952145301
BSC,2022-12-19,SushiSwap,369930,125501,68983880.63,186.4782003,29.88803306
BSC,2022-12-19,Ten Wallet,1,1,7.346193532,7.346193532,7.346193532
BSC,2022-12-19,The Landlord,2,1,0.005816286,0.002908143,0.002908143
BSC,2022-12-19,Token Bank Exchange,1,1,1.990298157,1.990298157,1.990298157
BSC,2022-12-19,Transhuman Coin,1,1,0.439541237,0.439541237,0.439541237
BSC,2022-12-19,Volt Inu,4,3,9.039955884,2.259988971,0.180468083
BSC,2022-12-19,W3Swap,197,140,85758.24196,435.3210252,120.9300186
BSC,2022-12-19,Waifer,1,1,1.31537666,1.31537666,1.31537666
BSC,2022-12-19,Walk With Step,1,1,118.3056431,118.3056431,118.3056431
BSC,2022-12-19,Xeph,2,1,0.109620626,0.054810313,0.054810313
BSC,2022-12-19,Y-5 Finance,7,7,0.143853537,0.020550505,0.019020615
BSC,2022-12-19,Yieldzard,1,1,4.674322509,4.674322509,4.674322509
BSC,2022-12-19,Yieldzilla,2,2,14.98769026,7.493845129,7.493845129
BSC,2022-12-19,Zombie Inu,3,3,5.799858906,1.933286302,1.467701093
BSC,2022-12-19,Zooswap,1293,601,189703.2788,146.7156062,183.2265048
Ethereum,2022-12-19,Balancer,892,417,156941949.2,130134.2862,4623.955
Ethereum,2022-12-19,Curve,1714,140,147563451.7,77787.7974,8000.39
Ethereum,2022-12-19,SushiSwap,4927,122,9910946.566,1809.227193,478.5457148
Ethereum,2022-12-19,Uniswap,41053,238,528513643.4,10367.68824,568.607588
Ethereum,2022-12-19,synthetix,20,13,1659359.263,82967.96315,51371.25075
Flow,2022-12-19,BltUsdtSwapPair,10,9,1035.31677,103.531677,3.263133269
Flow,2022-12-19,FlowSwapPair,192,78,69948.00499,342.8823774,191.1903174
Flow,2022-12-19,FusdUsdtSwapPair,70,51,15121.01264,216.0144663,82.87112161
Flow,2022-12-19,RevvFlowSwapPair,3,2,64.77679858,21.59226619,17.59982621
Flow,2022-12-19,StarlyUsdtSwapPair,37,9,2719.268936,73.49375504,56.79902388
Flow,2022-12-19,SwapPair,77,10,14085.84674,131.6434275,28.36727377
Flow,2022-12-19,UsdcUsdtSwapPair,94,31,25884.49442,244.1933436,107.2365888
Gnosis,2022-12-19,Elk,10,4,237.7973769,23.77973769,3.462571027
Gnosis,2022-12-19,Others,115,33,24364.89194,211.8686256,110.0071689
Gnosis,2022-12-19,SushiSwap,1234,280,107415.3377,87.04646487,3.721243155
Gnosis,2022-12-19,Uniswap,400,75,10771.6042,26.92901049,2.529362114
NEAR,2022-12-19,Jumbo,28,2,2045.326165,70.52848846,15.31015772
NEAR,2022-12-19,Others,1554,232,963178.7268,522.0480904,18.91001771
NEAR,2022-12-19,Ref Finance,873,31,1035525.999,862.2198158,24.50986876
Optimism,2022-12-19,Balancer,24,21,28366.68747,1181.945311,34.57604983
Optimism,2022-12-19,Beefy Finance,18,13,47.81616789,2.656453772,0.058121588
Optimism,2022-12-19,Defi Saver,1,1,50.85263883,50.85263883,50.85263883
Optimism,2022-12-19,Elk Finance,2,2,14.27914287,7.139571435,7.139571435
Optimism,2022-12-19,Frax Finance,2,2,0.398415995,0.199207997,0.199207997
Optimism,2022-12-19,Gnosis Safe,59,24,239.7168954,4.062998227,1.180583037
Optimism,2022-12-19,Homora V2,19,10,758.7801767,39.93579877,5.22E-14
Optimism,2022-12-19,Kyberswap,177,3,166437.7557,940.3263032,1161.36
Optimism,2022-12-19,Others,2729,375,5083563.009,1862.793334,955.164668
Optimism,2022-12-19,Overnight,64,9,45831.12754,716.1113678,119.1451755
Optimism,2022-12-19,ParaSwap,39,34,7876.142106,201.9523617,0.011852852
Optimism,2022-12-19,Perpetual Protocol,20,1,7.777617867,0.388880893,0.388880893
Optimism,2022-12-19,Reaper Farm,2,1,674.8644349,337.4322174,337.4322174
Optimism,2022-12-19,Rubicon,395,6,15916.62944,40.2952644,21.9436448
Optimism,2022-12-19,SushiSwap,2735,1341,1098176.144,401.5269266,82.64081258
Optimism,2022-12-19,Symphony Finance,6,1,268.6607116,44.77678526,0.000122282
Optimism,2022-12-19,Thales,4,1,1202.077292,300.519323,300.163073
Optimism,2022-12-19,Uniswap,22100,10489,3564782.669,161.3023832,29.9987599
Optimism,2022-12-19,Velodrome,16863,3547,39724942.14,2355.745842,0.758346651
Optimism,2022-12-19,Zipswap,14,12,138.3141413,9.879581524,0.61151059
Osmosis,2022-12-19,Osmosis,1249,548,184561.8581,147.7677007,7.384172962
Polygon,2022-12-19,Apeswap,179,32,14898.1444,83.22985697,35.42723183
Polygon,2022-12-19,Cafeswap,3,2,4.654331534,1.551443845,2.024413247
Polygon,2022-12-19,Dfyn Network,167,69,43207.11636,258.7252477,20.09489273
Polygon,2022-12-19,Kyberswap,1330,3,703364.4207,528.8454291,283.2184018
Polygon,2022-12-19,Others,15296,3508,20609531.18,1347.380438,46.50786668
Polygon,2022-12-19,Polycat,5,2,13.8249427,2.764988539,0.001184282
Polygon,2022-12-19,Quickswap,6110,1397,785742.6462,128.5994511,22.40156345
Polygon,2022-12-19,SushiSwap,48450,15335,21976892.84,453.5994395,14.5661326
Polygon,2022-12-19,Uniswap,13673,7446,10106699.21,739.172033,4.027279652
Solana,2022-12-19,Jupiter,116978,4562,7027907.085,60.07887881,1.001509389
Solana,2022-12-19,Orca,1734,391,217932.4504,125.6819206,11.05722435
Solana,2022-12-19,Raydium,2805,932,259197.6421,92.40557651,19.28841551
Solana,2022-12-19,Saber,150,21,327487.2093,2183.248062,11.95774933
THORChain,2022-12-19,THORChain,14883,517,16876535.11,711.8798292,399.1593975
